281.4599999999995,7.6051686124654445,7.6051686124654445,412.7934875488281,2,225.3941
281.4599999999995,9.337465029402784,9.337465029402784,419.19476318359375,2,242.7268
281.4599999999995,6.996837006623089,9.405532023734056,413.1567077636719,2,225.6833
281.4599999999995,9.700647221193112,9.884074694852288,420.1197814941406,2,249.9626
281.4599999999995,8.80161606783787,9.893457015870698,412.3958435058594,2,238.4483
281.4599999999995,8.66932536645192,9.849908292119963,418.7687683105469,2,239.7519
281.4599999999995,8.170936856525802,9.996661572004973,404.130126953125,2,226.062
281.4599999999995,7.423873046976564,7.423873046976564,403.8316650390625,2,223.4946
281.4599999999995,8.481494821874072,8.481494821874072,411.3605041503906,2,226.7984
281.4599999999995,8.073567580042928,9.845689487927498,410.2272644042969,2,241.2939
281.4599999999995,7.496212168769593,9.8398209212927,412.5015869140625,2,222.4104
281.4599999999995,9.46689641530445,11.003020826307457,414.45208740234375,2,228.3438
281.4599999999995,7.9629075143915475,9.357416015443047,404.1482238769531,2,221.985
281.4599999999995,6.700989224749554,9.84813766534752,405.2111511230469,2,220.373
281.4599999999995,7.521365856678272,8.172977373226324,411.9463806152344,2,226.2766
281.4599999999995,8.34344526811111,10.474921032809291,420.41693115234375,2,234.2228
281.4599999999995,8.828415956020102,8.945750800523408,414.8170471191406,2,240.9355
281.4599999999995,8.706367256606669,10.949802018086285,412.7185974121094,2,228.2145
281.4599999999995,8.845060285722639,8.845060285722639,413.9647216796875,2,249.8513
281.4599999999995,7.940304631382322,9.75873420453684,408.2749328613281,2,225.4503
281.4599999999995,8.868057146149503,9.528059576165047,408.88311767578125,2,188.1154
281.4599999999995,7.235116306947692,9.917137184264858,408.03271484375,2,213.6987
281.4599999999995,7.477598472303084,9.287891898617495,400.3643798828125,2,218.8865
281.4599999999995,6.454597201945957,10.16940159743064,411.876708984375,2,204.8635
281.4599999999995,7.821920480000998,7.821920480000998,403.4044494628906,2,215.9341
281.4599999999995,8.998398333904856,10.118344157090801,410.7036437988281,2,236.6778
281.4599999999995,7.330879691631851,9.428210968074557,410.5730895996094,2,197.0722
281.4599999999995,7.200298660113872,9.404712530307425,394.5986022949219,2,185.6897
281.4599999999995,8.619246873508008,9.666005720980156,391.128662109375,2,223.9236
281.4599999999995,5.701086860436601,6.184015124733866,401.02813720703125,2,186.8542
281.4599999999995,7.03303175230999,8.942398365399818,400.9011535644531,2,193.8414
281.4599999999995,6.617979482979832,7.697132145981,400.77606201171875,2,221.9015
281.4599999999995,5.896344242372429,6.553650112756285,387.11962890625,2,188.339
281.4599999999995,6.85380163744382,8.168051057421264,403.14605712890625,2,215.9326
281.4599999999995,8.615795540749795,10.262736208515452,403.1986083984375,2,231.6166
281.4599999999995,5.894200048574207,8.243874139745152,401.52325439453125,2,225.2689
281.4599999999995,7.4049517815946775,8.215175118122623,402.83746337890625,2,193.9411
281.4599999999995,8.306237322028629,10.404982113999019,413.1290283203125,2,232.1912
281.4599999999995,8.3619835393771,9.66478795702624,404.2876281738281,2,227.5956
281.4599999999995,7.303094488163967,9.097774665276514,402.5952453613281,2,203.6688
281.4599999999995,8.036199244072899,10.291324288543661,404.01983642578125,2,220.6758
281.4599999999995,4.55809441203595,7.969351107338055,400.73089599609375,2,176.989
281.4599999999995,7.247255871989627,9.152778235944018,414.30804443359375,2,189.4004
281.4599999999995,4.357800012075829,9.816093369344829,397.66339111328125,2,198.2743
281.4599999999995,7.0891499582328805,7.366969304726632,406.36920166015625,2,180.8516
281.4599999999995,6.2673688201396445,8.052573659766614,401.4869689941406,2,218.0254
281.4599999999995,8.614693010202354,9.425262582911966,406.1410217285156,2,194.2471
281.4599999999995,7.366825376865826,7.366825376865826,400.1957702636719,2,219.294
281.4599999999995,7.289586558332015,8.220219556797277,407.0342712402344,2,179.6652
281.4599999999995,7.846075988788511,8.042640630216404,409.6763000488281,2,222.1182
281.4599999999995,7.893212323313014,9.975939123576898,403.38592529296875,2,224.6351
281.4599999999995,5.713697236705249,6.229386212210618,405.4195861816406,2,181.1923
281.4599999999995,7.86617985184503,9.026703989041645,402.4167785644531,2,221.3307
281.4599999999995,7.1568303618900995,10.166104009823794,402.7765808105469,2,214.8612
281.4599999999995,6.824290087339423,7.740168722183665,406.0768127441406,2,188.748
281.4599999999995,8.852179568790596,10.734840912692151,404.7677917480469,2,230.0558
281.4599999999995,8.188622135515589,10.20720055882832,402.4734802246094,2,185.8921
281.4599999999995,8.189005877560513,9.12167201383082,405.3339538574219,2,208.6438
281.4599999999995,7.5499226727506805,9.007314627195754,407.58624267578125,2,216.0268
281.4599999999995,7.478765848371672,8.832908938400106,405.3988342285156,2,220.4005
281.4599999999995,6.36560625710722,7.5973416838079775,402.183837890625,2,189.5816
281.4599999999995,7.230924021130745,8.806898857892,402.2939758300781,2,228.2771
281.4599999999995,8.42662851025862,10.9637247005834,410.58990478515625,2,227.9223
281.4599999999995,6.044522446256581,9.296354276373656,407.0545959472656,2,222.7117
281.4599999999995,8.681380764039377,10.045883830699475,423.9102783203125,2,238.4214
281.4599999999995,7.576920797164634,10.035590009390786,418.8846130371094,2,228.0916
281.4599999999995,8.039404885465297,8.42554013232844,408.751220703125,2,230.8271
281.4599999999995,5.687677639132906,7.6552031264207985,415.57757568359375,2,220.4504
281.4599999999995,7.077565428835524,8.362887312043405,410.9010925292969,2,225.8559
281.4599999999995,8.843758675740641,9.714452594016914,418.0055847167969,2,224.7242
281.4599999999995,8.353951862817857,10.52585652712645,421.73828125,2,230.4062
281.4599999999995,8.282561764574817,10.298078513282247,416.6119384765625,2,229.5423
281.4599999999995,8.05058030596904,10.422081728934133,409.1580810546875,2,221.7283
281.4599999999995,4.5134522999956985,7.736344057147586,407.1593322753906,2,188.7321
281.4599999999995,8.512697297317194,9.762409176072719,412.388671875,2,230.1408
281.4599999999995,9.70438783916638,10.02291754862875,416.2890930175781,2,241.4674
281.4599999999995,7.206077052057647,8.157436259871066,408.71234130859375,2,225.8352
283.4759999999995,8.585352349861008,8.585352349861008,423.3658447265625,2,230.3579
283.4759999999995,9.369308723707567,9.922568815309724,425.7223205566406,2,233.8932
283.4759999999995,8.679175380205194,8.872801712854837,432.1494445800781,2,239.9042
283.4759999999995,10.051893557623806,10.413766124397581,431.22314453125,2,239.9382
283.4759999999995,9.52935778593718,12.205578940292531,436.361572265625,2,237.9638
283.4759999999995,8.77531430951509,10.601258183503493,428.4943542480469,2,231.2977
283.4759999999995,8.153395092887422,9.244978864921393,425.0019836425781,2,230.2074
283.4759999999995,7.848307218283694,9.772192158640046,423.8253479003906,2,228.0559
283.4759999999995,9.063610630321124,10.11348884951774,430.1230163574219,2,244.2398
283.4759999999995,4.9102125241905545,7.259244759962401,421.2158508300781,2,192.5595
283.4759999999995,9.078321137550793,10.366857873405042,431.2904052734375,2,234.6213
283.4759999999995,9.778499960977886,10.391574897075698,429.3487243652344,2,259.0165
283.4759999999995,7.13664847973645,8.437909371958533,428.88433837890625,2,231.9681
283.4759999999995,8.619903128889991,10.5511911993889,429.7313232421875,2,242.8283
283.4759999999995,6.486619123222775,8.65936260630163,428.2723083496094,2,222.7806
283.4759999999995,9.16664292199942,11.596646268583719,438.3331604003906,2,246.7795
283.4759999999995,8.489828887071406,8.489828887071406,427.15655517578125,2,228.8501
283.4759999999995,9.042321335653305,9.042321335653305,428.3695983886719,2,253.7451
283.4759999999995,6.764575960133508,9.91229658559333,424.14404296875,2,228.6984
283.4759999999995,8.736651036664293,11.161537414988215,428.69378662109375,2,233.0997
277.4279999999996,6.809965431646788,9.243180273554582,382.1214599609375,2,188.1852
277.4279999999996,7.410640517348923,7.55971224745522,378.56329345703125,2,193.5719
277.4279999999996,5.715164541339818,6.5380277607210795,383.2832946777344,2,190.0878
277.4279999999996,7.117161826640089,7.117161826640089,379.81829833984375,2,197.1801
277.4279999999996,9.07627635488565,9.436193161792769,394.6287841796875,2,232.2156
277.4279999999996,6.366248132512731,8.01435175127462,384.0686950683594,2,218.0734
277.4279999999996,6.822967082601846,6.822967082601846,370.1793212890625,2,203.621
277.4279999999996,5.617170128718232,8.919058732377195,379.65118408203125,2,201.7565
277.4279999999996,6.7479425915413875,6.7479425915413875,368.4322814941406,2,189.1556
277.4279999999996,5.7800141640964515,8.987876326272835,384.1177062988281,2,175.3799
277.4279999999996,7.525809879218985,9.714844696246942,388.0166320800781,2,218.8525
277.4279999999996,7.403464858056895,9.349908388302314,387.4723815917969,2,223.831
277.4279999999996,7.993190143514819,9.527478785094255,378.4581604003906,2,212.2935
277.4279999999996,6.770308033865124,9.105020289599324,383.3059997558594,2,173.0862
277.4279999999996,6.958186235714255,7.675888811860115,375.3331604003906,2,181.9554
277.4279999999996,6.8057585822611,9.68637525838073,392.65985107421875,2,192.6184
277.4279999999996,6.644037744515167,8.606461154018747,382.16583251953125,2,214.6951
277.4279999999996,4.4784962946948665,6.008533846904565,378.7469787597656,2,168.7747
277.4279999999996,8.000768968506069,9.68145995591568,390.58416748046875,2,227.069
277.4279999999996,7.245062376226152,8.728493512399115,368.1151428222656,2,218.3988
277.4279999999996,8.037064793875905,9.788095136407945,369.72412109375,2,217.6217
277.4279999999996,7.945638672029285,9.766550623667081,382.1319274902344,2,204.9334
277.4279999999996,7.733470567315117,7.921390789417652,371.9670715332031,2,170.7578
277.4279999999996,7.39332582004594,8.33500487436525,376.5145568847656,2,199.7085
277.4279999999996,4.662741075882411,7.188565840796548,383.6939392089844,2,180.6153
277.4279999999996,6.573167746997194,6.99485670498845,376.36004638671875,2,197.9581
277.4279999999996,8.178022348653885,9.911874744667719,363.88916015625,2,178.3386
277.4279999999996,7.460810231943341,9.99005499701864,379.7906494140625,2,224.1091
277.4279999999996,6.611594436901574,6.734505909580445,377.021484375,2,181.6001
277.4279999999996,6.039903371549693,6.7973816254066195,387.2955322265625,2,180.8894
277.4279999999996,7.595310332292784,8.568071286134032,378.80804443359375,2,177.8572
277.4279999999996,8.450073452791669,8.795061836268346,379.6911315917969,2,224.7663
277.4279999999996,7.332966275851827,9.196224539682627,371.9983215332031,2,217.0909
277.4279999999996,6.542081752833251,6.542081752833251,370.4386291503906,2,208.8896
277.4279999999996,5.638500518452775,6.845269687075818,377.99627685546875,2,182.0192
277.4279999999996,6.8816695199522195,7.434907308276734,379.7897033691406,2,203.2692
277.4279999999996,6.617711537068943,7.36665510763994,382.93243408203125,2,222.2108
277.4279999999996,6.75005919115832,9.445040450794492,386.1142883300781,2,184.3071
305.48199999999935,8.497067424936786,9.250464818351835,414.4278564453125,2,199.1048
305.48199999999935,6.381895246240946,8.114234937764063,399.7568359375,2,188.143
305.48199999999935,8.98593659014776,10.084201374689947,416.16302490234375,2,238.1965
305.48199999999935,6.776845055168004,8.707169021076192,411.9498291015625,2,181.86
305.48199999999935,8.254286363682,10.23589806806458,412.0190124511719,2,238.8869
305.48199999999935,6.8873323949879115,8.617972444037967,420.64501953125,2,243.2723
305.48199999999935,5.940293009265339,7.199164089101033,408.32598876953125,2,188.9363
305.48199999999935,8.63545415334902,11.291343833067284,418.3154296875,2,233.9172
305.48199999999935,5.453203875754906,7.889669286762912,408.7540588378906,2,190.8827
305.48199999999935,7.8934972519620565,9.855389142947203,411.5655517578125,2,198.9271
305.48199999999935,6.826997342100644,7.343394463444529,412.9638977050781,2,204.1857
305.48199999999935,7.326129878411181,8.811745871206252,415.6758117675781,2,215.4275
305.48199999999935,8.012334655609719,9.543249441534392,416.36041259765625,2,223.104
305.48199999999935,6.595956835016722,8.031268760861208,417.4880065917969,2,184.6748
305.48199999999935,7.685411055316017,7.685411055316017,409.9786071777344,2,206.3891
305.48199999999935,7.583096682978128,7.583096682978128,416.33074951171875,2,196.1263
305.48199999999935,5.101150735643727,5.992827862586373,420.2960510253906,2,192.605
305.48199999999935,9.03400642938593,9.830477890960802,427.6687316894531,2,240.5875
305.48199999999935,7.899436877042419,7.899436877042419,425.49871826171875,2,218.3008
305.48199999999935,4.968350887100832,6.761091660536991,411.1331481933594,2,178.127
305.48199999999935,5.730487767085725,6.597264323518394,417.2497863769531,2,201.3762
305.48199999999935,9.175140988576173,9.175140988576173,407.3838806152344,2,240.5708
305.48199999999935,7.6472976480018735,7.69240770925117,425.994384765625,2,225.701
305.48199999999935,8.057643611404211,9.959413673451085,428.78729248046875,2,234.5515
305.48199999999935,7.608042750195792,9.228460582038892,407.6479797363281,2,231.0283
305.48199999999935,8.781477220431483,9.339613468969837,426.1484375,2,243.6234
305.48199999999935,6.767238957682842,7.818115151311723,423.428466796875,2,197.3459
305.48199999999935,7.841724173900616,7.841724173900616,423.3230895996094,2,216.3164
305.48199999999935,7.516569070885511,8.877419641896703,420.0170593261719,2,229.6387
305.48199999999935,6.689114432098894,7.275162618499333,420.1346435546875,2,202.3403
305.48199999999935,8.527192677934694,10.154927147223946,429.5515441894531,2,240.6764
305.48199999999935,8.741592722369688,9.632460199398436,417.4437561035156,2,238.8859
305.48199999999935,8.381489335167327,8.381489335167327,418.1520690917969,2,233.0349
305.48199999999935,5.996672144424487,7.296984527101364,416.8442687988281,2,192.2184
305.48199999999935,6.154159597680997,8.187782909804296,416.0284118652344,2,201.5878
319.4649999999994,8.024564681388279,10.469456969185918,410.5362854003906,3,236.893
319.4649999999994,7.070102014215765,7.569326668085481,417.92230224609375,3,197.3124
319.4649999999994,8.649041937023087,10.836359487878545,426.1336364746094,3,232.4259
319.4649999999994,5.779838701302964,8.39734700526183,417.2584533691406,3,192.1758
319.4649999999994,8.206214893431836,10.419589898282938,431.9194641113281,3,224.5981
319.4649999999994,5.410765817492383,6.652838641252134,403.0185546875,3,177.269
319.4649999999994,8.819664156626096,10.290499860745092,424.28424072265625,3,240.4196
319.4649999999994,7.324716552540314,10.290920820699766,422.7375793457031,3,227.6787
319.4649999999994,8.422885485434715,9.480137717324014,412.84417724609375,3,226.2626
319.4649999999994,6.139620855118514,7.124664190839797,420.6795349121094,3,195.5703
319.4649999999994,5.77705696059689,6.426506236230859,418.1394348144531,3,190.8231
319.4649999999994,7.495119028929247,8.061574237015735,417.30413818359375,3,203.9759
319.4649999999994,6.153277064752217,9.733028936682478,409.7830810546875,3,186.4273
319.4649999999994,4.938845910292756,8.119477403332876,417.35345458984375,3,183.0063
319.4649999999994,7.8966850005478655,7.8966850005478655,412.2143859863281,3,219.0676
319.4649999999994,8.429176652938198,10.042930204552857,413.3511657714844,3,235.0035
319.4649999999994,7.387300522572755,7.717539445889446,418.2755432128906,3,191.6663
319.4649999999994,7.222797884145778,8.20178560697487,418.11920166015625,3,217.568
319.4649999999994,7.680511609025441,7.680511609025441,420.3100891113281,3,195.4088
319.4649999999994,7.13593274463258,9.140286144182527,425.27838134765625,3,220.7026
319.4649999999994,6.744441846850194,9.153872648282714,416.8259582519531,3,186.4123
319.4649999999994,4.847374929987017,7.623465634932374,409.796630859375,3,182.087
319.4649999999994,5.610636156673568,6.978190992261629,419.9424133300781,3,200.0285
319.4649999999994,7.4614300718598825,9.875626922626482,415.49871826171875,3,198.3201
319.4649999999994,8.377106428177628,10.033266926142534,421.1981201171875,3,195.2054
319.4649999999994,5.371462860614574,8.963504406099503,406.9666748046875,3,224.3467
319.4649999999994,8.032695686655053,10.19394786302314,420.94183349609375,3,220.2794
319.4649999999994,7.995149753261365,9.448868490432815,410.33441162109375,3,182.6814
319.4649999999994,6.980635388959358,7.556147334944142,414.35308837890625,3,194.1386
319.4649999999994,7.23668568288884,9.21787308102944,422.6307373046875,3,213.3636
319.4649999999994,9.923874792372384,11.272734103877767,417.87921142578125,3,230.0439
319.4649999999994,8.196998031668837,8.37526169586933,405.3101806640625,3,203.1695
319.4649999999994,6.383603549963135,9.697354196099374,421.72021484375,3,188.5387
319.4649999999994,6.8940481770625555,7.536462562650511,419.5886535644531,3,182.8971
319.4649999999994,6.180191210590526,7.759815630951668,423.11767578125,3,232.2343
319.4649999999994,5.719797844485278,8.010975702238671,417.2447204589844,3,193.5226
319.4649999999994,6.013699928604839,9.11007257311579,407.27703857421875,3,189.6148
319.4649999999994,6.137948604053678,6.730639811370383,418.9551696777344,3,185.2614
319.4649999999994,7.799027929107448,10.487999980135509,416.56268310546875,3,208.8685
319.4649999999994,5.945369411717131,7.9339868080926435,421.90191650390625,3,194.1189
319.4649999999994,7.596151096776327,7.596151096776327,428.7030029296875,3,213.231
319.4649999999994,7.342543767440099,9.878958536146378,425.5448303222656,3,195.9413
319.4649999999994,9.47004706352619,9.47004706352619,432.69635009765625,3,183.5144
319.4649999999994,6.811002226096822,9.408677686502752,418.7684020996094,3,239.246
319.4649999999994,8.151414794200688,10.297166685980937,423.2857971191406,3,233.9253
319.4649999999994,6.391593681185938,8.404136826825349,413.6883850097656,3,228.2627
319.4649999999994,6.173085804862932,7.098262019698075,416.95123291015625,3,203.3049
319.4649999999994,7.433690065539541,7.511871697849112,417.922607421875,3,223.7122
319.4649999999994,6.960497250308066,8.721586495815393,416.2044372558594,3,219.0424
319.4649999999994,8.488877543655073,10.09363769478015,417.6610412597656,3,231.3029
319.4649999999994,5.722989845551742,7.870903811407431,413.9009704589844,3,200.0051
319.4649999999994,7.6014866579797165,7.6014866579797165,412.7483825683594,3,200.8564
319.4649999999994,8.275028887190851,9.730150915732308,417.6301574707031,3,207.4194
319.4649999999994,7.823552498039519,8.832982955771055,421.7462158203125,3,229.1112
319.4649999999994,9.28973966449384,9.676616382043246,422.9006042480469,3,228.691
319.4649999999994,4.137939183514009,7.095459992211198,415.9020080566406,3,185.1156
319.4649999999994,8.085064447048655,8.816519869535373,419.3849792480469,3,214.5186
319.4649999999994,7.02123765652372,7.44206954062699,413.4300231933594,3,198.4403
319.4649999999994,8.287007674400739,8.905730401138031,421.076171875,3,224.4915
319.4649999999994,7.128911918757902,7.559817297861184,424.89971923828125,3,188.6298
319.4649999999994,7.204065564138334,7.843161140628645,417.0880126953125,3,216.4489
319.4649999999994,5.2196856155340985,6.653480131139787,413.5684509277344,3,187.2184
319.4649999999994,6.335008224863869,9.030378582125802,424.2670593261719,3,190.9019
319.4649999999994,8.585209713539234,9.43495346555742,423.23046875,3,221.0406
319.4649999999994,7.238661486437281,8.965480573099848,418.41943359375,3,204.4325
319.4649999999994,8.899707482303837,10.344997133283359,427.240478515625,3,230.7665
319.4649999999994,9.689016673194544,11.233488736498366,424.22686767578125,3,221.4994
319.4649999999994,8.441075845536632,10.46881541503124,414.91168212890625,3,216.0265
319.4649999999994,6.686594512888817,10.01594845644209,427.1327819824219,3,202.8687
319.4649999999994,7.492766675979589,10.199817690764387,413.356689453125,3,219.3635
319.4649999999994,4.052483923473121,8.320873776800836,406.8772277832031,3,185.0481
319.4649999999994,8.528901538755408,10.753573904564496,425.6024169921875,3,224.9106
319.4649999999994,5.300474483600753,8.595931406282395,418.7521057128906,3,222.792
319.4649999999994,6.420778581768652,7.2594937584668395,418.02410888671875,3,193.3946
319.4649999999994,5.224172261821278,5.7139180379499415,403.0451354980469,3,194.3392
319.4649999999994,4.261551374819334,8.131058281591143,410.29888916015625,3,195.9371
319.4649999999994,4.831775189594252,9.243894050152264,425.1488342285156,3,193.3155
319.4649999999994,5.466297929425532,6.034612683673257,417.9693298339844,3,188.9799
319.4649999999994,6.286683420067295,7.752552959004359,411.0363464355469,3,181.8628
319.4649999999994,7.707848172042877,9.904490145487308,413.9430847167969,3,190.3702
319.4649999999994,7.571880490103212,7.571880490103212,414.91943359375,3,217.9469
319.4649999999994,6.784141170496848,7.14739032783962,400.7682800292969,3,193.3285
319.4649999999994,7.563201647991889,10.217060959706597,406.166259765625,3,186.5442
319.4649999999994,5.14204445447063,7.4315441213496305,412.36041259765625,3,190.0941
319.4649999999994,6.974889849791792,7.285678952760233,409.24322509765625,3,190.1797
319.4649999999994,7.409260159407219,7.409260159407219,411.3714294433594,3,183.1613
319.4649999999994,6.549372702561617,8.672347415005913,416.348388671875,3,211.8789
319.4649999999994,5.24394105039489,9.553733726598658,403.9601745605469,3,209.1641
319.4649999999994,8.435217503746845,8.635060419877494,415.6853942871094,3,231.7115
319.4649999999994,7.864662593641088,10.330573101205463,429.2679138183594,3,223.9914
319.4649999999994,8.488059368046324,9.038954108878714,427.459228515625,3,189.7918
319.4649999999994,7.76413837270813,7.76413837270813,418.38067626953125,3,209.8855
319.4649999999994,7.094847883317931,8.420507156753265,406.6803283691406,3,179.4455
319.4649999999994,7.38360641526173,8.765975286160325,417.5476379394531,3,220.5023
319.4649999999994,9.545635931480831,9.545635931480831,427.9064025878906,3,228.3845
319.4649999999994,6.004512701413977,6.155075371967037,413.309814453125,3,191.2589
319.4649999999994,8.88756721747939,8.88756721747939,414.74774169921875,3,237.1137
319.4649999999994,7.562809416159067,8.746715690618444,417.716064453125,3,240.5271
319.4649999999994,5.885130185706641,7.0082512051660535,409.6597900390625,3,190.402
319.4649999999994,8.801892001581239,10.860101410924237,419.1533508300781,3,220.9885
319.4649999999994,4.599962981396951,7.728420851897541,423.8864440917969,3,198.7925
319.4649999999994,7.601256308367295,10.481609593379247,427.8853759765625,3,196.7319
319.4649999999994,6.558314615243603,7.789487368782635,429.9460144042969,3,200.1271
319.4649999999994,6.6632983690770935,8.100732613774293,410.9257507324219,3,225.3619
319.4649999999994,6.163228604625615,9.017139292232939,427.9054870605469,3,222.0162
319.4649999999994,7.189635266537252,9.753507783619593,411.52069091796875,3,191.2983
319.4649999999994,4.671371841272922,7.322979702592816,406.2557373046875,3,192.969
319.4649999999994,5.160935209669329,9.371800452768587,415.37200927734375,3,196.4298
319.4649999999994,7.585398319499181,10.561525136133378,425.15521240234375,3,221.5781
319.4649999999994,9.258999112356374,9.258999112356374,418.8606872558594,3,228.3597
319.4649999999994,5.1633058507570135,7.751656050839998,409.2784118652344,3,193.9445
319.4649999999994,6.98040612592049,6.98040612592049,402.51593017578125,3,200.6124
319.4649999999994,7.883778567904925,10.127756543145729,421.8204345703125,3,232.3674
319.4649999999994,5.50958978608262,6.612378283060675,422.4965515136719,3,199.0583
319.4649999999994,4.770587614609287,6.936258816994554,414.67938232421875,3,194.1717
319.4649999999994,5.183440809126304,9.990398487244077,420.43756103515625,3,190.1011
319.4649999999994,5.484787479419813,7.411517662134819,416.8287048339844,3,208.2791
319.4649999999994,8.43968872701236,9.810292829961115,414.5732727050781,3,228.7358
319.4649999999994,8.363791693432136,9.84384199915111,426.1997985839844,3,229.5544
317.44899999999944,8.31156417238095,8.31156417238095,404.63287353515625,3,232.4632
317.44899999999944,5.452326324959868,6.146531109409992,403.6382141113281,3,195.7949
317.44899999999944,8.560245173953216,10.165673644032704,408.6266174316406,3,241.0356
317.44899999999944,6.295284543639296,6.896963712980729,409.77685546875,3,183.6177
317.44899999999944,5.669503760277219,6.147049207081946,405.3660888671875,3,193.0458
317.44899999999944,6.005553249306602,6.474187178217565,419.3943786621094,3,193.0751
317.44899999999944,5.816172712507088,7.644794915521929,414.34490966796875,3,199.3059
317.44899999999944,5.79555496657857,7.64976234002422,417.7140197753906,3,195.3179
317.44899999999944,7.158270416931009,7.988519988108187,416.3039245605469,3,204.9718
317.44899999999944,6.609887534963709,8.91833703846783,420.07452392578125,3,247.486
317.44899999999944,8.375039527112884,9.520407425247397,411.8719177246094,3,182.7593
317.44899999999944,8.315053968132245,9.595675670753918,416.2256774902344,3,235.546
317.44899999999944,7.375382168553774,9.052293081489974,405.4787292480469,3,230.7114
317.44899999999944,6.330718898773751,6.330718898773751,414.96875,3,194.2015
317.44899999999944,6.496525219222168,9.038028849003386,408.3025817871094,3,211.6478
317.44899999999944,7.711532394308393,9.222393361178396,409.4421691894531,3,221.0876
317.44899999999944,8.524916361721447,10.375943792940133,416.71173095703125,3,225.9651
317.44899999999944,7.349709953257881,9.301643352353018,405.5147705078125,3,191.2506
317.44899999999944,7.150018004979855,8.936744959240315,413.1542053222656,3,207.4236
317.44899999999944,5.710211108208971,8.903967695975169,395.9052429199219,3,206.6843
317.44899999999944,7.4919247095572565,8.861799824493122,408.503173828125,3,247.1284
317.44899999999944,6.910995793717514,8.056883883757706,400.04632568359375,3,185.3936
317.44899999999944,8.692835109748458,8.692835109748458,402.865966796875,3,236.3401
317.44899999999944,8.0504308183811,8.144823296623626,408.4925537109375,3,181.623
317.44899999999944,6.2044354013786815,6.889267710331919,419.19036865234375,3,189.3442
317.44899999999944,4.581402768290811,8.196704528586345,407.00628662109375,3,188.8347
317.44899999999944,7.49982443645684,7.49982443645684,403.6712951660156,3,225.7367
317.44899999999944,6.87794700926094,7.824616478929597,407.08447265625,3,204.4292
317.44899999999944,7.667892671525603,10.274717505126375,414.9880676269531,3,191.2634
317.44899999999944,6.76264394012697,7.779404492311306,400.0635681152344,3,196.4619
317.44899999999944,6.422271289379974,6.801264788958501,408.592529296875,3,186.2978
317.44899999999944,6.072763931951029,7.634040201261186,401.2658996582031,3,177.0607
317.44899999999944,5.567411698389852,7.730454053464091,412.8831787109375,3,197.3117
317.44899999999944,9.193728588001617,10.347937802910677,408.92401123046875,3,195.4671
317.44899999999944,7.851140822881696,7.851140822881696,395.3832092285156,3,183.7288
317.44899999999944,5.8633464124583075,6.192864584711494,402.6975402832031,3,180.0661
317.44899999999944,7.582094857243318,7.766002207776638,411.39910888671875,3,239.4472
317.44899999999944,5.883552061158063,8.82567965797202,400.9593811035156,3,202.5126
317.44899999999944,7.2343652998816,9.001565174417797,408.6980285644531,3,236.0782
317.44899999999944,4.1077294393467065,5.4560476761492485,400.7407531738281,3,179.0166
317.44899999999944,8.478249640403309,8.478249640403309,399.3232421875,3,201.1905
317.44899999999944,7.279710044540597,9.563386454956166,410.7013854980469,3,208.3189
317.44899999999944,6.8226408046072455,6.8226408046072455,404.5420227050781,3,205.0367
317.44899999999944,7.080017376725421,7.080017376725421,411.82342529296875,3,205.4863
317.44899999999944,8.551679525058919,9.91234134461894,404.4968566894531,3,259.5723
317.44899999999944,8.06261200229788,8.06261200229788,403.5206298828125,3,200.4274
317.44899999999944,5.948432139460529,8.637339383946262,406.94366455078125,3,204.2928
317.44899999999944,6.592274482843595,7.853072242259847,398.7678527832031,3,180.3118
317.44899999999944,6.659487625524539,10.420325412541406,400.89495849609375,3,234.9853
317.44899999999944,6.054137311379067,7.301584541567408,409.5635681152344,3,194.5591
317.44899999999944,6.069205664822273,6.645583147704916,395.13616943359375,3,187.6048
317.44899999999944,6.192167692985808,8.997712671296174,416.888427734375,3,193.4976
317.44899999999944,6.138624147964552,9.317415306211768,402.763427734375,3,188.2711
317.44899999999944,8.547662451547907,8.547662451547907,415.32958984375,3,253.0587
317.44899999999944,8.933676291227021,10.585764089682495,420.9922180175781,3,234.7078
317.44899999999944,6.9814259240435,8.706118478333677,400.59393310546875,3,236.5847
317.44899999999944,5.319846183081477,8.566921680936392,418.7665710449219,3,195.1813
317.44899999999944,4.660454409022278,5.6866785632655015,412.4380798339844,3,184.1107
317.44899999999944,8.563704516181206,8.563704516181206,394.0626220703125,3,234.2411
317.44899999999944,7.86615090816433,8.303261058632955,413.9203186035156,3,233.918
317.44899999999944,7.076671516587552,9.418422362438067,392.3594970703125,3,208.9949
317.44899999999944,9.339916392087767,9.391474614590157,411.5245361328125,3,234.4098
317.44899999999944,6.398455339282899,8.31822864616103,411.1966857910156,3,196.0901
317.44899999999944,3.7442510357468457,7.904236778956531,419.0031433105469,3,194.3792
317.44899999999944,7.501286092809621,8.339343538503595,410.41943359375,3,197.3988
317.44899999999944,8.01345300726758,8.01345300726758,415.5572204589844,3,198.0373
317.44899999999944,9.023772467014393,9.47914440328895,408.6184387207031,3,234.3104
317.44899999999944,8.221046674676826,8.221046674676826,404.4685363769531,3,178.3584
317.44899999999944,5.92305494676805,6.395915990491522,414.1463623046875,3,187.8485
317.44899999999944,6.116041798908653,6.954804908581578,404.2637023925781,3,180.8054
317.44899999999944,7.754239562232821,9.296322164007188,423.5024719238281,3,189.6538
317.44899999999944,6.2987219439948205,7.811456263036109,418.2658996582031,3,180.2927
317.44899999999944,7.931677488143917,8.849739422342871,414.40185546875,3,204.9099
317.44899999999944,8.522484148374621,8.522484148374621,411.69873046875,3,228.0083
317.44899999999944,9.571548559113724,10.78483437249562,413.8316345214844,3,231.7218
317.44899999999944,5.187728361201747,7.210492921136887,411.7950744628906,3,192.1714
317.44899999999944,7.6165803627673565,7.6165803627673565,411.5860290527344,3,189.2599
317.44899999999944,5.118941662098141,8.5104434453555,391.91259765625,3,194.0484
317.44899999999944,5.170311103339423,6.022902838099789,396.68310546875,3,189.1509
317.44899999999944,6.444904850248332,8.772415935103647,409.45843505859375,3,184.0766
317.44899999999944,3.4798277364319135,8.072484537939696,410.3150634765625,3,194.6314
317.44899999999944,7.543256458698036,8.209531810822192,409.091064453125,3,222.9686
317.44899999999944,8.151407121395874,8.376665668261188,418.4477233886719,3,198.9843
317.44899999999944,6.980252211602327,8.77143903816868,417.65618896484375,3,229.5816
317.44899999999944,7.500724680882357,7.566883650353559,419.258056640625,3,196.8159
317.44899999999944,6.905948037289645,9.102223255721231,413.4078369140625,3,228.7997
317.44899999999944,4.8459576809003435,6.840350383964758,419.8102111816406,3,184.3884
317.44899999999944,7.696368105891758,7.869222530376082,409.8580322265625,3,231.8201
317.44899999999944,7.445126445119946,8.626951354125294,411.5986633300781,3,218.6667
317.44899999999944,7.938825760086773,7.938825760086773,407.60455322265625,3,239.7993
317.44899999999944,6.290155489201023,9.719054179439604,414.2580261230469,3,189.845
317.44899999999944,5.273569009665694,7.273360133064737,411.3013916015625,3,186.3848
317.44899999999944,5.163578050478864,7.782881821382329,407.4711608886719,3,223.1247
317.44899999999944,5.539443303101285,6.754632911498283,408.86785888671875,3,186.6656
317.44899999999944,6.61445474775596,8.976419153246216,408.9676818847656,3,205.0247
317.44899999999944,7.6381095949660285,8.461723744703926,403.1902160644531,3,190.932
317.44899999999944,5.093213638399078,6.705671451424767,417.12359619140625,3,197.8828
317.44899999999944,8.041891364876145,8.861834277448086,410.14593505859375,3,227.9903
317.44899999999944,7.380956386909177,8.196654641185418,399.9277038574219,3,176.0896
317.44899999999944,5.813474809513719,7.7797652362144065,411.9767150878906,3,197.0382
359.4859999999995,9.179009557718034,9.252877619596845,466.20587158203125,4,204.1227
359.4859999999995,10.095424664262369,10.57007259145197,463.05419921875,4,249.5364
359.4859999999995,8.61756837906643,9.444338867520134,459.0135192871094,4,239.6149
359.4859999999995,9.797391553646028,9.850627041881605,466.5645446777344,4,206.5222
359.4859999999995,9.934118971178819,10.032723754109824,466.94891357421875,4,192.9267
359.4859999999995,8.512381277513256,8.80598820344315,459.0404968261719,4,241.6228
359.4859999999995,10.483340193894184,11.330553844038665,465.6446533203125,4,252.7327
359.4859999999995,7.403367903402906,10.503513650519002,472.61297607421875,4,259.2408
359.4859999999995,7.282029931499127,7.9553079013247885,456.2044372558594,4,194.4456
359.4859999999995,9.29147292706794,9.556302272427658,462.9996337890625,4,219.092
359.4859999999995,9.349088848376732,9.349088848376732,462.05694580078125,4,205.0459
359.4859999999995,9.019078427811577,9.019078427811577,458.9134826660156,4,221.5462
359.4859999999995,9.562627459411324,10.301940892185428,455.5050048828125,4,227.1832
359.4859999999995,10.263929418630713,10.852536460967626,463.5398864746094,4,246.7477
359.4859999999995,9.788611865302052,9.93942066761936,457.31842041015625,4,244.791
359.4859999999995,7.182676572602372,10.595249998577032,465.97198486328125,4,227.9689
359.4859999999995,7.877881718221087,10.011085915594876,462.7934265136719,4,243.5673
359.4859999999995,9.243647811264385,9.679574008565545,461.8829345703125,4,232.0495
359.4859999999995,9.155948509665256,9.802366861985314,459.94708251953125,4,208.0471
359.4859999999995,8.757801931868352,8.970817624805726,449.4556884765625,4,231.5989
359.4859999999995,10.163319810887486,10.68947249670326,460.729736328125,4,234.8825
359.4859999999995,6.982579382697729,10.996756820114847,466.40936279296875,4,242.8083
359.4859999999995,9.54168730868726,11.205768052203961,465.19647216796875,4,233.652
359.4859999999995,8.69810347013774,9.040355979116857,468.54864501953125,4,223.3802
359.4859999999995,9.479546965915,11.326721903959251,463.40557861328125,4,240.6512
359.4859999999995,8.330005517097105,9.597364003213732,464.8777160644531,4,222.4264
359.4859999999995,8.697691340435798,9.288185813748337,466.994384765625,4,212.8651
359.4859999999995,8.796706729236908,9.251066291731018,468.326904296875,4,218.2426
359.4859999999995,9.885130741608762,11.63448474119879,468.4756164550781,4,241.7649
359.4859999999995,6.998739276832446,8.349673763926372,464.6359558105469,4,218.0317
359.4859999999995,8.285162961722977,9.474291540428682,465.5335388183594,4,224.9649
359.4859999999995,7.50352589378609,9.294721413918639,466.38629150390625,4,205.0331
359.4859999999995,9.088002190769679,10.415031781216326,464.9670715332031,4,229.1115
359.4859999999995,9.15072598365564,9.924025800339706,455.7134094238281,4,232.193
359.4859999999995,7.442871185056271,10.164802270609822,460.0353088378906,4,231.3964
359.4859999999995,7.961097377812492,8.789201806062708,458.7679443359375,4,219.6496
359.4859999999995,8.969671437041013,10.273606154826725,466.3321533203125,4,249.6339
359.4859999999995,7.43521365857819,9.000971236519257,462.7724304199219,4,244.1207
359.4859999999995,8.755216472459752,9.539290461630925,459.00341796875,4,213.7595
359.4859999999995,7.52318415650673,9.411244546265861,456.07476806640625,4,235.0998
359.4859999999995,8.485210223536924,9.294734063193754,460.61907958984375,4,230.1484
359.4859999999995,8.90249660879225,9.637476154746306,463.52935791015625,4,234.1478
359.4859999999995,9.311342352092518,10.035292759710487,455.53216552734375,4,226.3889
359.4859999999995,10.261216962797507,10.261216962797507,452.5131530761719,4,233.7039
359.4859999999995,11.223629685584001,12.779336193705117,477.3897399902344,4,260.0303
359.4859999999995,10.474284451277208,11.996393525766939,466.4794006347656,4,247.018
359.4859999999995,6.860140287961761,10.170630816784954,467.8282775878906,4,200.9631
359.4859999999995,6.859430387600603,7.565215509778032,456.42584228515625,4,230.8477
359.4859999999995,9.428777218820311,11.160436458473631,475.039306640625,4,216.9845
359.4859999999995,9.751417038453807,11.361369011837379,455.8018493652344,4,240.9871
359.4859999999995,9.527931592056625,11.172714271320581,466.1675109863281,4,249.196
359.4859999999995,8.72945113511363,9.857498826270845,460.5124816894531,4,236.223
359.4859999999995,8.613506436411248,8.83644881095778,468.8189697265625,4,244.7923
359.4859999999995,7.297960280770146,9.911820858177556,468.83807373046875,4,217.6307
359.4859999999995,9.306511038481222,10.347374666913419,443.8056335449219,4,226.0958
359.4859999999995,6.399379371129937,7.967117332223183,463.5910949707031,4,216.6648
359.4859999999995,9.279043861156348,9.434438308746548,466.1697998046875,4,243.0878
359.4859999999995,8.824785371312373,9.118519202768224,463.9617004394531,4,239.9036
359.4859999999995,10.230300524737876,10.307402463945872,465.0140075683594,4,205.9413
359.4859999999995,7.691610598332657,7.691610598332657,455.6573791503906,4,202.705
359.4859999999995,8.406175065257708,9.331016968971635,454.4438171386719,4,240.2128
359.4859999999995,8.391668408874835,10.777158625597588,468.02337646484375,4,228.5222
359.4859999999995,8.035358001737002,12.047164343495558,468.70172119140625,4,243.7797
359.4859999999995,7.353139781566409,8.905175792816348,456.5688171386719,4,217.2518
359.4859999999995,7.877777676475096,7.877777676475096,453.97332763671875,4,199.0042
359.4859999999995,7.746034449123778,8.899411055194633,457.83294677734375,4,222.3683
359.4859999999995,7.320645437468276,10.417152411281492,470.83538818359375,4,210.494
359.4859999999995,10.092894128451025,10.520489929207866,465.419677734375,4,225.6848
359.4859999999995,10.055130415550162,10.589332255832781,474.4316101074219,4,189.2614
359.4859999999995,11.036110876957903,11.574785160186918,458.8724670410156,4,222.4426
359.4859999999995,7.488306919887104,7.912904410027385,453.9659118652344,4,197.7857
359.4859999999995,9.525937571288093,10.661180049717471,463.5694885253906,4,254.1623
359.4859999999995,7.342013425037525,8.02772792005698,457.6910095214844,4,207.0824
359.4859999999995,8.762871561674508,8.762871561674508,449.4687805175781,4,240.2985
359.4859999999995,6.352290672762359,8.497079921472443,456.2538146972656,4,191.5609
359.4859999999995,6.967017528923695,6.967017528923695,447.48681640625,4,199.0784
359.4859999999995,8.000825510999425,9.349359936136276,460.75189208984375,4,208.781
359.4859999999995,10.235135734428322,11.221414835938807,463.8809814453125,4,216.7551
359.4859999999995,8.36162873357016,10.090127881000312,456.4576110839844,4,209.094
359.4859999999995,7.313758774558471,7.523778842110085,447.4772644042969,4,243.7212
359.4859999999995,7.025889882720758,11.171163999240758,460.5669250488281,4,233.6771
359.4859999999995,9.008466673300143,10.153043221166033,462.4161071777344,4,220.3734
359.4859999999995,7.8999201550714195,10.465653840270852,466.75067138671875,4,207.7701
359.4859999999995,9.260671810706919,9.59801263425522,463.386474609375,4,207.6699
359.4859999999995,6.78790423842838,7.080802885691676,448.28973388671875,4,196.8418
359.4859999999995,8.069658729177535,10.01160815922392,462.722900390625,4,210.183
359.4859999999995,7.865265982253433,8.669218092937706,432.8903503417969,4,194.8648
359.4859999999995,10.062867400758185,10.718526695142671,465.69775390625,4,244.1734
359.4859999999995,8.118964640771509,10.402026803727644,460.8633728027344,4,225.9899
359.4859999999995,6.147506548731768,7.583896566399078,450.04296875,4,210.6777
359.4859999999995,7.713561801458185,10.301369973364192,462.4921875,4,205.9229
359.4859999999995,8.556142064088654,10.203861467646218,454.5127258300781,4,230.0458
359.4859999999995,9.027408742078178,11.331764479850166,461.936767578125,4,204.1939
359.4859999999995,7.451985961529185,8.743379484752968,457.79046630859375,4,235.599
359.4859999999995,9.083457593221299,11.764559382992507,467.8460388183594,4,221.2938
359.4859999999995,7.717374476466051,10.964921477909071,463.18475341796875,4,237.5758
359.4859999999995,9.517587661950875,9.94546286445934,455.16180419921875,4,233.5132
359.4859999999995,10.592763773810548,11.075837117836128,467.1781005859375,4,245.253
359.4859999999995,6.901167605341145,6.921749418023394,462.5076904296875,4,204.9176
359.4859999999995,8.179978703922078,11.327041005293664,464.2684631347656,4,228.1002
359.4859999999995,8.125171966197296,9.532955600292624,465.3763732910156,4,223.7228
359.4859999999995,8.498060492964997,10.112283823998933,447.84503173828125,4,233.5087
359.4859999999995,8.154601622839614,11.385177797998464,462.5917663574219,4,193.8303
359.4859999999995,6.4719379828602,9.304237874888889,460.6168518066406,4,210.1605
359.4859999999995,6.191970559709,7.937208884061329,452.4712219238281,4,202.0484
359.4859999999995,8.896114362290625,10.089825390601524,464.7071228027344,4,212.4015
359.4859999999995,6.8613738824688735,10.132898104824497,446.268798828125,4,244.0503
359.4859999999995,6.330982803550444,7.0389317305211225,457.8898620605469,4,198.0212
359.4859999999995,8.760110585674466,8.760110585674466,462.5371398925781,4,237.9887
359.4859999999995,6.550527531760219,6.59781782778674,449.94439697265625,4,194.6782
359.4859999999995,6.472023229459618,8.60326608839518,454.32818603515625,4,212.5957
359.4859999999995,6.6137553057205585,7.728527820973624,458.4895324707031,4,223.9404
359.4859999999995,9.042686605554593,11.179937094484359,456.79730224609375,4,220.4426
359.4859999999995,9.042291098780742,9.056198589217784,461.81982421875,4,209.4209
359.4859999999995,8.423104127059469,8.902658117470251,463.9132995605469,4,244.1668
359.4859999999995,6.488666937616821,7.280378102481454,448.4361877441406,4,207.9351
359.4859999999995,10.22480987877507,10.731920325950338,461.2224426269531,4,231.463
319.4649999999994,4.830223837545574,7.817248117520773,415.7915954589844,3,214.1935
319.4649999999994,7.630320423714378,9.138117418695689,424.4087829589844,3,183.1376
319.4649999999994,5.908482761419678,6.7305437358560445,422.2870178222656,3,175.9868
319.4649999999994,8.669422987672888,9.243695439950649,424.8204650878906,3,233.3908
319.4649999999994,4.824416507677675,7.055231466226126,413.1228332519531,3,178.9021
319.4649999999994,7.845720287277863,9.44593552059228,427.1377868652344,3,228.7434
319.4649999999994,7.274944391833723,10.575843163812722,423.32159423828125,3,237.9626
319.4649999999994,8.426481594707132,11.325752503047156,419.5159606933594,3,237.4426
319.4649999999994,5.327973174918086,5.953275229297627,419.09088134765625,3,204.5791
319.4649999999994,7.149330891913099,7.816802168401766,412.7624816894531,3,217.23
319.4649999999994,6.642917314675635,7.802167185246637,413.7950744628906,3,191.5947
319.4649999999994,8.427924815546952,9.600698756645066,419.4491882324219,3,235.9388
319.4649999999994,7.04388917952544,8.64736171814317,420.40972900390625,3,190.1383
319.4649999999994,5.871675668410385,6.6230899098470495,418.9718322753906,3,192.6587
319.4649999999994,6.36497453665674,6.36497453665674,408.985107421875,3,188.2131
319.4649999999994,7.986766627766116,11.156391198286084,414.3341369628906,3,211.7134
319.4649999999994,7.963034925140262,9.476118857857525,431.95733642578125,3,180.2048
319.4649999999994,7.824413847452605,9.500139910530269,424.6328125,3,227.3371
319.4649999999994,4.749801080982653,8.077187691981791,416.8122863769531,3,188.8508
319.4649999999994,6.458101999561,6.458101999561,425.8019104003906,3,201.6546
319.4649999999994,9.439182492588404,11.41167626214563,428.7425231933594,3,236.2288
319.4649999999994,5.275095927443698,7.123235872555844,412.4002990722656,3,191.6315
319.4649999999994,9.227900897254617,10.388372330513738,421.7653503417969,3,234.7727
319.4649999999994,8.96979384205637,9.676463468760861,419.3522033691406,3,213.3752
319.4649999999994,8.174471013293072,10.158247483821611,409.9293518066406,3,215.3871
319.4649999999994,6.827771171472466,8.781460359898597,418.3898010253906,3,189.4471
319.4649999999994,6.391003964474576,9.851128592558295,423.095947265625,3,222.7946
319.4649999999994,7.997132259574687,9.20678305507909,418.2493896484375,3,223.5996
319.4649999999994,5.653507965890055,8.973711344159552,426.41217041015625,3,209.8176
319.4649999999994,8.978299702535933,11.20243349523155,420.49688720703125,3,217.6638
319.4649999999994,5.329687328528143,5.911533870229515,409.0158996582031,3,179.8673
319.4649999999994,7.541320639954581,9.834231227478567,416.7694091796875,3,227.3863
319.4649999999994,5.945997162057763,7.2761489272124775,413.1390686035156,3,191.4367
319.4649999999994,7.535500503831159,9.332206724923875,419.0609436035156,3,196.669
319.4649999999994,8.75015650410634,10.941803162104186,428.6316833496094,3,213.8332
319.4649999999994,5.766810986766253,5.821117259435046,426.43499755859375,3,184.4808
319.4649999999994,6.643813649388385,8.263255643298617,417.0673522949219,3,208.6107
319.4649999999994,6.556944342450136,9.429863413144432,427.8533630371094,3,203.4916
319.4649999999994,8.518593163517501,9.460605558187902,424.0823669433594,3,196.7778
319.4649999999994,9.17030895996489,10.000678349738806,425.8260803222656,3,182.1847
319.4649999999994,8.662599051716045,9.511038937950403,427.61773681640625,3,210.1156
319.4649999999994,9.204113633087546,10.273960205704244,414.40570068359375,3,224.166
319.4649999999994,5.405350067534634,5.9409559890545465,418.5895080566406,3,186.0552
319.4649999999994,7.558711938841609,10.251901546156631,426.2729797363281,3,209.9016
353.4789999999994,7.6038167595883825,7.6038167595883825,427.6979675292969,5,195.7235
353.4789999999994,7.309271122263825,8.339258285671947,436.0076904296875,5,216.3742
353.4789999999994,7.563768587079048,8.379409184950479,437.6661682128906,5,220.0172
353.4789999999994,7.474451800092856,9.53379254164038,432.05780029296875,5,196.3898
353.4789999999994,6.160164724212404,8.064070313599984,432.96551513671875,5,197.7225
353.4789999999994,7.280568534921817,8.944237023159104,433.09075927734375,5,235.7482
353.4789999999994,6.8356586242881185,9.187040733084903,439.1058349609375,5,205.103
353.4789999999994,8.434174839008929,8.537039458361408,431.3515625,5,274.6537
353.4789999999994,6.6592585110443325,8.26341570493618,436.546875,5,201.7369
353.4789999999994,7.955441271209511,7.955441271209511,433.2066345214844,5,208.7733
353.4789999999994,7.583146322872279,8.031893669588396,440.24505615234375,5,192.518
353.4789999999994,7.505412588684152,9.292378740122212,430.9151306152344,5,200.4574
353.4789999999994,6.456171668588417,7.812911965772096,431.6112060546875,5,204.1136
353.4789999999994,4.5091538708739325,8.530307178271803,427.15228271484375,5,194.147
353.4789999999994,7.30923774908912,7.382783964992828,429.6832275390625,5,246.6484
353.4789999999994,7.9978506009912556,7.9978506009912556,434.05584716796875,5,187.5635
353.4789999999994,7.468600976870987,9.428496403296204,437.9005432128906,5,206.4452
353.4789999999994,7.779599666648392,8.75499997443655,430.4150695800781,5,195.5903
353.4789999999994,4.843361282504434,9.336706763978336,439.2532958984375,5,187.7825
353.4789999999994,6.329796231391219,6.329796231391219,436.2744140625,5,187.1465
353.4789999999994,7.28324585645063,7.28324585645063,441.7214660644531,5,216.07
353.4789999999994,7.627219779980749,7.627219779980749,434.9180908203125,5,221.4476
353.4789999999994,8.058099273764245,8.647301679886047,433.5513916015625,5,222.1027
353.4789999999994,4.977826266168695,7.867700880249933,429.146728515625,5,193.2764
353.4789999999994,5.086149335483724,7.810271109457658,435.9839782714844,5,215.8399
353.4789999999994,8.00313918370222,8.015141591292693,436.64617919921875,5,233.031
353.4789999999994,6.750938791809642,7.023796107923354,445.6022644042969,5,214.1038
353.4789999999994,6.774835732832999,6.774835732832999,434.6197814941406,5,221.3355
353.4789999999994,6.436536387135289,7.969363530474989,435.59869384765625,5,221.8265
353.4789999999994,7.430125101847158,9.174777253290292,433.9188232421875,5,212.1755
353.4789999999994,7.3417362319865935,7.930166930170952,432.8867492675781,5,207.2892
353.4789999999994,7.280169505000088,9.483144073893353,430.1760559082031,5,215.5988
353.4789999999994,5.338275925636606,6.973323278086469,427.3385314941406,5,209.742
353.4789999999994,7.534042716014727,8.878438713427348,429.7142028808594,5,220.3358
353.4789999999994,8.016242049222193,8.542453653703094,439.3721618652344,5,217.9856
353.4789999999994,6.95479793250117,8.165600096677982,438.7239074707031,5,214.9202
353.4789999999994,5.755362689598503,7.625988127217409,436.7420654296875,5,208.0048
353.4789999999994,9.01199859998442,9.706440274895881,451.2198486328125,5,221.6431
353.4789999999994,6.680625977225456,9.483472398866992,436.1001281738281,5,219.9747
353.4789999999994,7.698229692039374,9.434299108078418,436.36083984375,5,222.3265
353.4789999999994,8.65652213454241,9.499038023167218,433.3562927246094,5,229.1526
353.4789999999994,6.56719025897641,7.896768938686126,437.84918212890625,5,218.2476
353.4789999999994,8.075770578598004,8.609998155540621,434.34124755859375,5,216.9286
353.4789999999994,6.358662166550586,8.764453324631635,431.7619323730469,5,221.6142
353.4789999999994,7.652903806578454,8.502345616312065,431.20977783203125,5,219.236
353.4789999999994,7.429148518816468,8.792385725489664,427.15240478515625,5,225.3983
353.4789999999994,6.166739559548393,8.52229492464633,443.439453125,5,216.1738
353.4789999999994,4.811294345863305,6.371939910276458,428.6539611816406,5,198.1546
353.4789999999994,8.169321835316278,10.021101795105773,438.98504638671875,5,220.7588
353.4789999999994,6.714562421572867,8.119371716174332,437.5235595703125,5,199.4372
353.4789999999994,7.843753441641745,9.681486978681852,429.82659912109375,5,227.5607
353.4789999999994,6.625763791028383,7.555688429093788,435.68084716796875,5,202.8992
353.4789999999994,7.777518553112822,8.558600049195284,439.9163818359375,5,216.7862
353.4789999999994,5.351585615791678,6.516858032752441,431.3388977050781,5,211.229
353.4789999999994,8.387169739535636,9.401741883923739,444.5811767578125,5,230.5917
353.4789999999994,7.876096207796339,8.804195253427535,439.0125427246094,5,226.5576
353.4789999999994,7.634791273474309,8.568598890181907,439.31329345703125,5,216.3549
353.4789999999994,6.742790756801959,7.677270002104778,424.3154602050781,5,219.0053
353.4789999999994,5.864247433911576,6.198381643972246,421.3942565917969,5,203.5807
353.4789999999994,6.132694606857801,7.685255025284593,428.9490051269531,5,197.6501
353.4789999999994,6.983437851751794,7.549741704954905,428.7524719238281,5,222.3421
353.4789999999994,7.404385910396128,8.536217052312777,436.0711669921875,5,214.8176
353.4789999999994,8.231880879902056,8.496981565026545,433.5290222167969,5,197.1322
353.4789999999994,5.339395997717754,7.0434775587207765,432.8505859375,5,208.4467
353.4789999999994,6.324487693321623,6.721540027041628,433.2463684082031,5,211.0667
353.4789999999994,6.8502405410946325,7.710753624460279,429.1224060058594,5,213.2857
353.4789999999994,7.887042497420073,8.45134473551565,429.04425048828125,5,194.1274
353.4789999999994,8.654506154985057,10.255691322718832,434.90216064453125,5,209.7024
353.4789999999994,7.853010375127151,8.393516995235654,428.2832946777344,5,216.9366
353.4789999999994,7.437243354878235,8.801669574007647,432.9959716796875,5,213.1916
353.4789999999994,7.138780300253408,7.918603157739329,437.613525390625,5,211.5066
353.4789999999994,6.4967417500641655,7.506307925006941,429.6047668457031,5,230.3084
353.4789999999994,6.527560536938751,7.30325939840366,437.8489074707031,5,202.494
353.4789999999994,7.150670483682785,8.265115523392415,433.3465270996094,5,200.6594
353.4789999999994,8.6813461357701,9.741630347899093,441.4148254394531,5,216.7949
353.4789999999994,5.468168216257547,7.510150021750285,423.44805908203125,5,224.2393
353.4789999999994,7.441356709691407,10.398728787376422,431.6302795410156,5,224.1886
353.4789999999994,4.974560120612968,7.604031636758965,429.70306396484375,5,197.7752
353.4789999999994,5.926707178851391,6.477330034928206,434.2596435546875,5,198.381
353.4789999999994,6.635555962395221,7.680370261551939,421.375,5,199.5458
353.4789999999994,6.873706049757634,7.052098724903141,433.06854248046875,5,204.1517
353.4789999999994,8.54432777224667,8.54432777224667,425.6132507324219,5,201.0382
353.4789999999994,7.192998183809544,7.192998183809544,438.98455810546875,5,188.4189
353.4789999999994,5.9551473333047555,5.9551473333047555,418.64727783203125,5,208.4219
353.4789999999994,6.80152211854215,7.188552819893497,429.92083740234375,5,198.4408
353.4789999999994,5.921357420648987,8.28196422039511,435.8865966796875,5,184.4073
353.4789999999994,6.699045441087735,6.699045441087735,422.3276062011719,5,198.3055
353.4789999999994,5.749879529605445,7.301893677244153,421.1707763671875,5,194.2579
353.4789999999994,6.806677310511944,6.806677310511944,420.57763671875,5,217.0271
353.4789999999994,7.8131107475591905,8.455727504446132,423.14447021484375,5,201.2543
353.4789999999994,7.911412767336654,7.911412767336654,423.3494567871094,5,236.8972
353.4789999999994,5.420977117600805,7.610698210629697,428.8096618652344,5,200.5494
353.4789999999994,5.479095139769336,7.875800240985193,421.3424072265625,5,189.7961
353.4789999999994,8.451189015955148,8.451189015955148,415.201904296875,5,190.4678
353.4789999999994,6.491169162107779,8.640931024870698,420.8345031738281,5,198.2712
353.4789999999994,6.257082005868739,6.257082005868739,397.5141906738281,5,195.7564
353.4789999999994,5.7799553572849085,8.517828044270008,421.79803466796875,5,195.4017
353.4789999999994,6.779026236803521,8.572774044599095,440.11517333984375,5,189.7436
353.4789999999994,7.273609180283144,8.725455073549739,424.6592102050781,5,198.3392
353.4789999999994,7.702687431088572,8.305162630849356,428.9955749511719,5,197.6696
353.4789999999994,5.552134232407208,7.751360146924508,440.740966796875,5,182.36
353.4789999999994,4.848218539001021,7.348683714302838,418.30291748046875,5,190.2001
353.4789999999994,7.777854271118894,9.086158169298256,435.85797119140625,5,240.4575
353.4789999999994,5.3985632671752875,6.603072889702472,421.6728210449219,5,185.1898
353.4789999999994,7.378320406968876,8.093160114062712,423.84857177734375,5,221.5009
353.4789999999994,5.935732111676015,7.416875881271669,426.57427978515625,5,195.7237
353.4789999999994,6.509241787433616,8.355339727165893,440.88720703125,5,215.4057
353.4789999999994,5.687650720431725,8.108114998228398,423.8916931152344,5,216.1195
353.4789999999994,5.5621492374127826,7.550664196397865,427.5748291015625,5,205.4051
353.4789999999994,4.680661438616122,7.114397356877164,418.9959716796875,5,200.0247
353.4789999999994,5.683336081224894,6.266042408984541,415.670654296875,5,197.8879
353.4789999999994,6.855074305865008,8.51366960709594,425.05780029296875,5,205.8034
353.4789999999994,7.167340069446456,7.520422494455081,434.2762451171875,5,201.6861
353.4789999999994,6.931663808585703,9.08032630148875,430.71124267578125,5,196.5128
353.4789999999994,4.830895324401437,7.286993423599434,419.59619140625,5,197.1455
353.4789999999994,5.033510832063039,7.024771717989529,414.1734924316406,5,211.1014
353.4789999999994,7.347921607045729,8.765325593398794,435.246337890625,5,215.8125
353.4789999999994,6.810295143118989,7.5653858262428235,417.2834167480469,5,214.4608
353.4789999999994,6.201352724916397,6.596906138683609,414.890625,5,199.4662
353.4789999999994,6.34316282638831,6.814937402906426,419.75146484375,5,213.8241
353.4789999999994,4.939424950091049,6.953249371366465,424.5090026855469,5,192.2398
353.4789999999994,6.79975269986664,7.584524695489528,425.6080322265625,5,214.0915
353.4789999999994,5.637466310719951,7.945616634456723,423.6689453125,5,217.7233
353.4789999999994,5.537305202943909,8.084443020243274,419.7934875488281,5,208.6733
353.4789999999994,4.475584590700241,7.482674296822652,427.96728515625,5,210.6366
353.4789999999994,6.6082963237479655,8.025789043476873,427.9967956542969,5,200.7231
353.4789999999994,5.139720120944398,7.1341680024024825,420.9422302246094,5,204.8863
353.4789999999994,8.034865584615787,8.737983152452674,432.2704772949219,5,222.8061
353.4789999999994,5.2393723997242425,7.4183582470639875,430.01763916015625,5,229.345
353.4789999999994,5.38605661385171,6.190293023479937,425.2464599609375,5,197.5246
353.4789999999994,5.56375276106286,6.923854525328996,427.9146423339844,5,184.3475
353.4789999999994,7.363186036424725,8.26753649466427,436.1980285644531,5,210.1009
353.4789999999994,7.761785398169536,7.761785398169536,434.4424133300781,5,211.4617
353.4789999999994,7.455830324192272,8.873102143974055,440.58203125,5,216.043
353.4789999999994,6.858750492702444,8.567117102116615,420.0846252441406,5,209.9968
353.4789999999994,7.710817746341496,8.471078227391649,429.1654052734375,5,221.9105
353.4789999999994,7.487170238655586,8.429629219823264,428.18963623046875,5,214.8057
353.4789999999994,5.7058864009123,5.836695372269061,424.54644775390625,5,193.5236
353.4789999999994,6.332580986860652,8.63695570202593,431.3211975097656,5,205.2321
353.4789999999994,7.610513692279451,8.27871235864252,425.8272399902344,5,212.0433
353.4789999999994,4.831562924516776,7.68033477517825,440.83111572265625,5,202.3918
353.4789999999994,6.4494725449896935,6.4494725449896935,421.6664123535156,5,205.6739
353.4789999999994,6.668651003916056,6.668651003916056,426.566162109375,5,207.9222
353.4789999999994,6.067031036870048,8.27356609825284,435.00677490234375,5,217.5181
353.4789999999994,6.016488420801799,7.0512314358606325,431.99322509765625,5,202.3886
353.4789999999994,5.577583917803464,5.580030361448501,417.3801574707031,5,221.9335
353.4789999999994,6.031976592005199,7.4893670296181245,425.37359619140625,5,197.8942
353.4789999999994,6.178886833502191,6.9681064825923675,423.9346008300781,5,198.2754
353.4789999999994,7.112402488398944,8.605214901911484,425.3633117675781,5,218.7408
353.4789999999994,5.231768595708734,7.745500577787373,421.16888427734375,5,199.7776
353.4789999999994,7.025519611894944,7.883237788083877,430.78631591796875,5,205.5519
353.4789999999994,6.017241253805337,6.723618530644879,443.043701171875,5,200.8198
353.4789999999994,7.03674986077444,7.901497587718457,422.48724365234375,5,199.9714
353.4789999999994,7.982241517775873,8.313429653589333,432.4779968261719,5,198.536
353.4789999999994,6.050718332992922,8.132400876216776,441.64630126953125,5,194.272
353.4789999999994,6.5966953664814465,7.302668138897734,420.0262145996094,5,195.4524
353.4789999999994,5.617846100034831,6.297272336841042,424.81597900390625,5,191.7894
353.4789999999994,6.320654125707336,6.980339209689251,422.56561279296875,5,195.2975
353.4789999999994,5.7044982568344444,8.331658661986811,426.2579040527344,5,192.2167
353.4789999999994,5.337354506367693,7.904826593423237,426.81219482421875,5,195.084
353.4789999999994,7.177175261534192,7.623334555458805,429.44598388671875,5,208.4677
353.4789999999994,4.740543044872831,7.9665143890397845,420.8151550292969,5,199.4531
353.4789999999994,5.4822355091097545,7.050530798918994,423.95941162109375,5,192.6807
353.4789999999994,8.398214511744111,9.802929111495779,432.422119140625,5,219.4686
353.4789999999994,6.0146105363814115,7.864589533702755,427.6600646972656,5,201.8675
353.4789999999994,7.908965524406254,7.908965524406254,428.91046142578125,5,196.5438
415.68199999999933,8.704719703777009,11.503579022447775,554.2374877929688,2,258.6584
415.68199999999933,8.79115656534217,11.630927302107668,553.6282348632812,2,267.7351
415.68199999999933,5.062101687098406,6.816111175595865,554.7907104492188,2,231.1707
415.68199999999933,7.1746348435590885,10.938101236332564,555.3161010742188,2,255.4893
415.68199999999933,6.393891942952542,9.633614431632514,559.4342651367188,2,259.4723
415.68199999999933,7.557136790382374,10.243139972512083,551.2922973632812,2,244.6739
415.68199999999933,6.494451354950113,9.646463611514204,548.6277465820312,2,249.0225
415.68199999999933,7.558935211975073,8.573045450239375,547.5091552734375,2,240.9175
415.68199999999933,8.869778377936017,12.22803660444428,557.5477294921875,2,270.3499
415.68199999999933,6.137575965768984,8.573188188314642,552.1900024414062,2,227.0843
415.68199999999933,6.799851161166924,10.36950440661345,558.251220703125,2,260.4215
415.68199999999933,8.861748126739842,10.084288121610324,552.8383178710938,2,260.284
415.68199999999933,7.868778639328561,10.389444826183725,559.0205078125,2,270.6038
415.68199999999933,9.201434973133296,11.866882276739114,556.51318359375,2,258.1646
415.68199999999933,8.645099131716348,11.698481094946034,562.6126098632812,2,262.0037
415.68199999999933,8.148462330130897,9.707953988701696,557.3983764648438,2,246.0182
415.68199999999933,8.278454477808815,11.795253436411167,553.614013671875,2,266.5752
415.68199999999933,8.399657609842176,11.624041962326668,562.2866821289062,2,267.6427
415.68199999999933,9.01378369205649,13.122697020550351,559.3460083007812,2,279.3472
415.68199999999933,8.33095217458672,11.321727058669861,554.780517578125,2,252.0251
415.68199999999933,7.001195159366317,10.2273955527519,550.5086059570312,2,214.4726
359.57399999999933,10.39807136885167,10.39807136885167,518.5396728515625,2,259.6045
359.57399999999933,11.944576787548682,11.944576787548682,518.2379150390625,2,267.7869
359.57399999999933,9.014907089905334,10.21502347387522,517.1356811523438,2,257.9297
359.57399999999933,10.188085739111473,12.229116920641298,518.3805541992188,2,260.4158
359.57399999999933,10.29104952557758,11.094469272939756,519.2743530273438,2,259.3656
359.57399999999933,10.138915276666939,10.666876388555044,520.1243896484375,2,261.4313
359.57399999999933,12.595336112751932,13.91926699864042,521.7218017578125,2,267.146
359.57399999999933,9.101461658551674,9.101461658551674,514.3524780273438,2,253.6449
359.57399999999933,12.196426566151601,13.343136425280802,521.4447021484375,2,263.9453
359.57399999999933,12.426952727200236,12.426952727200236,521.015625,2,271.4112
359.57399999999933,11.065544791019624,12.709901305716055,519.37841796875,2,261.9261
359.57399999999933,11.091378971668279,13.12610320730863,527.7963256835938,2,272.042
359.57399999999933,12.935928358959874,14.596429064962587,529.6297607421875,2,271.0494
359.57399999999933,10.709974000229288,11.605235787924046,521.2582397460938,2,263.9414
359.57399999999933,12.600937525791558,13.280010063754446,521.7376098632812,2,260.3977
359.57399999999933,8.741041135760089,9.160589088715582,521.0743408203125,2,265.0021
359.57399999999933,12.203756888640042,13.0272454611585,519.5921020507812,2,265.5738
359.57399999999933,12.32679308002112,12.380192257686453,518.7033081054688,2,276.1916
359.57399999999933,11.415743838472757,12.841202400226297,520.4013671875,2,267.6211
359.57399999999933,12.299523903691469,12.967269621858417,528.3306274414062,2,260.2132
331.51999999999936,5.163217803471609,5.656206777145528,435.8780822753906,2,197.7361
331.51999999999936,5.382659004001349,6.260892270052391,432.9246826171875,2,203.3225
331.51999999999936,5.543042510304628,6.424879389217502,433.15863037109375,2,184.945
331.51999999999936,5.595420725238516,5.673398389538387,429.7110900878906,2,189.5535
331.51999999999936,5.965269419245538,5.965269419245538,437.6679382324219,2,193.6803
331.51999999999936,4.632331471779995,5.830382385553421,434.1320495605469,2,189.618
331.51999999999936,6.508132238810119,6.508132238810119,433.1758728027344,2,204.9832
331.51999999999936,6.687759280156033,6.687759280156033,440.5924377441406,2,200.3306
331.51999999999936,5.205626730886806,6.2332113976142045,438.96539306640625,2,188.2791
331.51999999999936,6.008712587368695,6.008712587368695,430.8575744628906,2,189.4128
331.51999999999936,6.588181556234413,6.588181556234413,424.77801513671875,2,190.7063
331.51999999999936,6.595193019925808,6.595193019925808,439.4747619628906,2,225.8259
331.51999999999936,5.867211126201268,6.744058398094566,432.3448486328125,2,183.1574
331.51999999999936,4.840423857080916,6.100139105692041,430.40594482421875,2,184.8257
331.51999999999936,6.572768652291404,6.572768652291404,431.7637939453125,2,201.2923
331.51999999999936,5.265232306504661,6.663372755029121,436.70062255859375,2,182.5214
331.51999999999936,7.379210525856499,7.536834104888251,429.86962890625,2,183.236
331.51999999999936,6.757439824184472,6.757439824184472,442.93896484375,2,186.978
331.51999999999936,6.951946570843301,6.951946570843301,422.6076354980469,2,219.2147
331.51999999999936,5.711482078067421,5.905946664156285,435.6535949707031,2,210.3833
331.51999999999936,5.734999922662157,7.604896481523357,425.6289367675781,2,195.6653
331.51999999999936,6.806840861271323,6.806840861271323,434.2293701171875,2,212.822
331.51999999999936,7.158574100002674,7.158574100002674,429.75250244140625,2,208.0806
331.51999999999936,7.063443372832119,8.042096143910928,445.17938232421875,2,193.4408
331.51999999999936,7.001026741151095,7.001026741151095,432.2464599609375,2,191.7606
331.51999999999936,6.475171328638627,6.475171328638627,437.0606384277344,2,199.401
331.51999999999936,7.167189658133168,7.167189658133168,436.01873779296875,2,212.6046
331.51999999999936,7.641174385878255,7.641174385878255,437.6363220214844,2,192.7807
331.51999999999936,5.864342990053014,7.038126708132706,427.8472595214844,2,198.7919
331.51999999999936,5.636149876515127,6.0177400154100535,432.4105529785156,2,201.8763
331.51999999999936,6.82562877237731,6.82562877237731,437.3812255859375,2,208.0689
331.51999999999936,5.1967756970937415,6.266987277511224,436.0675354003906,2,188.3772
331.51999999999936,3.966577164209013,6.299009352437159,425.4981384277344,2,194.4637
331.51999999999936,6.4706388765142435,6.502176038008686,434.2684326171875,2,197.2018
331.51999999999936,6.199262397514436,6.199262397514436,444.13226318359375,2,188.8474
331.51999999999936,6.120574480042636,6.589946264417778,432.8533935546875,2,196.5833
331.51999999999936,6.7839077785650845,6.7839077785650845,441.43292236328125,2,202.6661
331.51999999999936,6.659042326615376,6.659042326615376,441.494384765625,2,208.5587
331.51999999999936,6.0997952049310316,6.924705992399246,449.0374450683594,2,193.6097
331.51999999999936,6.45079542210235,6.45079542210235,434.61627197265625,2,186.9483
331.51999999999936,7.232812120214541,7.232812120214541,428.135009765625,2,198.9435
331.51999999999936,6.28005657262411,7.05084553142939,425.2578430175781,2,184.8825
331.51999999999936,4.5040805685827925,6.034908314570519,432.2738342285156,2,190.4692
331.51999999999936,6.406823261868906,6.406823261868906,437.10614013671875,2,195.695
331.51999999999936,6.94116519064659,6.94116519064659,435.9775085449219,2,200.7657
331.51999999999936,4.601390171164905,5.750170395025183,441.9681091308594,2,182.1582
331.51999999999936,7.028019089651057,7.028019089651057,444.998779296875,2,202.1702
331.51999999999936,7.700193121244171,7.700193121244171,434.41619873046875,2,193.5651
331.51999999999936,6.762025279686885,6.762025279686885,435.10888671875,2,183.6173
331.51999999999936,7.612790148412031,7.612790148412031,429.337646484375,2,189.094
347.5189999999994,7.000814282617306,7.575374013530506,445.5688171386719,3,199.8038
347.5189999999994,4.972476055920495,8.660862361083398,454.5039978027344,3,197.7918
347.5189999999994,4.829733416024312,7.237772577928525,457.0238342285156,3,200.3243
347.5189999999994,6.245256923993344,6.850148308480188,452.0601501464844,3,220.9297
347.5189999999994,4.972476055920495,8.660862361083398,454.5039978027344,3,197.8988
347.5189999999994,6.904148682797095,8.098790967397242,449.8230285644531,3,193.3846
347.5189999999994,4.008258167855115,7.837411007475878,442.4473876953125,3,192.6694
347.5189999999994,4.008258167855115,7.837411007475878,442.4473876953125,3,192.6694
347.5189999999994,4.506419718419084,6.537970437919792,449.234375,3,212.1012
347.5189999999994,7.476291411137042,8.209845977988964,438.14471435546875,3,216.3978
347.5189999999994,4.506419718419084,6.537970437919792,449.234375,3,212.1323
347.5189999999994,6.245256923993344,6.850148308480188,452.0601501464844,3,220.9297
347.5189999999994,7.000814282617306,7.575374013530506,445.5688171386719,3,199.8038
347.5189999999994,4.829733416024312,7.237772577928525,457.0238342285156,3,200.3651
347.5189999999994,4.829733416024312,7.237772577928525,457.0238342285156,3,200.3969
347.5189999999994,6.515268911497229,7.023459115926399,434.49237060546875,3,197.6563
347.5189999999994,6.509357575424902,8.350875442639609,443.4720458984375,3,197.9221
347.5189999999994,6.011183274913206,6.486703362232219,448.741455078125,3,196.7152
347.5189999999994,7.5894421281374935,7.5894421281374935,455.0779113769531,3,218.6005
347.5189999999994,7.183082597785373,7.313488367984012,453.15765380859375,3,213.3145
347.5189999999994,7.560603609895722,7.609004756029745,445.3741149902344,3,228.6852
347.5189999999994,5.846968224160248,6.691345146514915,449.9732666015625,3,211.7479
347.5189999999994,6.653821919524543,9.166926648748158,444.7479553222656,3,215.8119
347.5189999999994,5.8789216767444525,6.813718309454173,450.145751953125,3,198.4297
347.5189999999994,6.680821560715067,9.028679446346505,449.6562194824219,3,211.0217
347.5189999999994,6.509357575424902,8.350875442639609,443.4720458984375,3,197.9453
295.44299999999936,5.657925318454036,6.164598483080252,410.333984375,3,198.0293
295.44299999999936,6.074623500599074,7.202032118838158,413.0836181640625,3,207.0277
295.44299999999936,4.826620447094801,7.085418381003034,403.17620849609375,3,188.7089
295.44299999999936,5.689013816832926,6.696051849087761,410.1340637207031,3,188.2622
295.44299999999936,6.237410587223306,6.237410587223306,415.9916076660156,3,193.7338
295.44299999999936,6.5769707601987255,7.3940583155804696,403.334228515625,3,210.0636
295.44299999999936,5.256969496747807,6.698978889045354,406.0223693847656,3,189.1501
295.44299999999936,5.2218024725880765,7.355749975202091,394.06268310546875,3,199.525
295.44299999999936,4.932662316468908,7.268270808972038,409.5255432128906,3,195.4922
295.44299999999936,6.325369427648299,7.209459826783923,407.1494445800781,3,185.8584
295.44299999999936,6.093305562663827,6.870086236652749,412.6417236328125,3,185.6983
295.44299999999936,5.131807503360482,5.953139298384218,405.4251708984375,3,193.6731
295.44299999999936,5.374611686438851,6.513095317427353,411.0880432128906,3,230.7919
343.48699999999945,7.44256510330842,7.44256510330842,436.1601257324219,3,187.4573
343.48699999999945,5.541307370192706,6.377764632968205,436.3876647949219,3,194.3166
343.48699999999945,7.737526384766087,7.737526384766087,442.3350524902344,3,196.6032
343.48699999999945,5.504709156216232,6.7598553489951785,443.12176513671875,3,197.389
343.48699999999945,4.5730423270159495,6.353048245298489,435.3070068359375,3,194.3256
343.48699999999945,7.467270053877941,7.467270053877941,432.06976318359375,3,203.5569
343.48699999999945,6.6633497849639785,6.6633497849639785,428.6233825683594,3,198.8644
343.48699999999945,6.694325279187462,6.70865476432101,444.0066833496094,3,204.0244
343.48699999999945,5.985550000605699,7.095500998211606,444.0974426269531,3,204.7573
343.48699999999945,7.367818846476147,7.367818846476147,443.634765625,3,225.6208
293.4269999999994,4.967558023093686,6.639737996526834,401.0213317871094,3,220.1074
293.4269999999994,5.07421004318265,6.5126061174021155,389.288330078125,3,176.649
293.4269999999994,5.6819787838261755,6.603720608545949,385.2777404785156,3,217.3927
293.4269999999994,5.045296201013324,7.257583244272822,392.110107421875,3,210.7539
293.4269999999994,6.28106171672182,6.684280417460859,399.0730285644531,3,187.3089
293.4269999999994,3.159990560682288,6.419956524486021,389.0612487792969,3,177.3277
293.4269999999994,5.507838282774011,5.808355349759493,391.1708984375,3,175.0128
293.4269999999994,4.599097022094445,5.941454059909547,392.0229187011719,3,176.1883
293.4269999999994,6.255434905256368,6.255434905256368,403.36907958984375,3,199.7819
293.4269999999994,7.49865821212948,7.49865821212948,378.86175537109375,3,226.5716
293.4269999999994,4.753477764169205,7.152591847680114,393.0389709472656,3,175.2277
293.4269999999994,8.7067047722163,8.7067047722163,397.79107666015625,3,236.5563
293.4269999999994,5.637984170410476,6.0827596788889595,386.2529296875,3,178.3281
293.4269999999994,5.792218503489568,7.833067101370715,396.7191467285156,3,224.0652
293.4269999999994,4.986122681309637,6.440301391310192,398.7253723144531,3,189.7002
293.4269999999994,4.826499669860872,6.273365135311559,390.8601379394531,3,181.5057
343.48699999999945,6.810129344497114,7.311804343396342,449.265625,3,197.1999
343.48699999999945,6.54795351346268,7.55620988360153,452.4578857421875,3,202.0051
343.48699999999945,7.087123223100707,7.087123223100707,437.27978515625,3,229.5771
343.48699999999945,6.866861692897374,6.866861692897374,444.6800537109375,3,195.9561
343.48699999999945,8.131694993845825,8.131694993845825,442.35687255859375,3,202.5163
343.48699999999945,5.577519435879921,7.58565572005339,430.0833435058594,3,195.1028
343.48699999999945,4.907553260108609,6.396039107008267,439.28826904296875,3,197.9166
343.48699999999945,5.928084055431324,6.576434011379469,431.3670349121094,3,192.4433
343.48699999999945,5.339531129319095,6.264808072889086,435.22369384765625,3,207.5978
343.48699999999945,7.1358236697371344,7.1358236697371344,437.4991455078125,3,209.2915
343.48699999999945,7.055870458253933,7.211515235235239,437.83917236328125,3,190.9821
343.48699999999945,6.624325680871409,6.676368220694203,442.7657165527344,3,202.8732
343.48699999999945,6.970390190100317,6.970390190100317,447.48297119140625,3,198.5681
343.48699999999945,6.049095242908202,7.263745650277968,446.3469543457031,3,240.3958
343.48699999999945,5.66588595726452,7.019655220433042,449.7244873046875,3,202.0604
343.48699999999945,6.049095242908202,7.263745650277968,446.3469543457031,3,240.8666
343.48699999999945,5.66588595726452,7.019655220433042,449.7244873046875,3,202.0189
343.48699999999945,5.66588595726452,7.019655220433042,449.7244873046875,3,202.0187
343.48699999999945,6.049095242908202,7.263745650277968,446.3469543457031,3,240.7641
343.48699999999945,5.248459933689216,5.955923534045658,444.20123291015625,3,196.476
343.48699999999945,6.9979623720416555,6.9979623720416555,434.8143310546875,3,194.9433
343.48699999999945,5.195271512891308,5.79731255461336,444.01458740234375,3,189.5812
343.48699999999945,5.819845777526515,6.67352885583455,449.44232177734375,3,203.3395
343.48699999999945,5.319524823627506,5.680381741094387,440.2044982910156,3,211.8237
343.48699999999945,5.797503145314362,6.163172805115615,448.4931640625,3,206.8281
343.48699999999945,5.062198255536801,7.138968428865886,430.4826965332031,3,204.9948
343.48699999999945,4.327796716578875,6.95172298368078,419.8384704589844,3,196.5895
343.48699999999945,6.248762277447357,6.924831759616752,448.28192138671875,3,203.0243
343.48699999999945,6.279486772049499,7.292814512926309,435.9011535644531,3,200.8791
343.48699999999945,5.789345985957938,6.873042629534788,448.1816711425781,3,196.0207
343.48699999999945,5.008528744155849,6.549259666955393,441.2271423339844,3,227.4992
343.48699999999945,6.240462241905483,7.082836539812796,448.8268737792969,3,184.1809
343.48699999999945,7.047898923142126,7.047898923142126,444.1748352050781,3,198.0536
343.48699999999945,5.399347177156232,5.730164166989128,421.7662353515625,3,210.5865
343.48699999999945,4.710120014607306,5.863419890924154,427.8324890136719,3,210.4055
343.48699999999945,6.089112165642728,6.089112165642728,435.3132019042969,3,209.373
343.48699999999945,6.122828410596393,7.499460599867673,440.2099304199219,3,201.4487
343.48699999999945,7.400994980053815,7.400994980053815,442.46209716796875,3,191.3584
343.48699999999945,6.224415137970233,7.731438094510874,438.3929748535156,3,222.2686
343.48699999999945,4.346369674048333,6.924583368447279,423.144775390625,3,204.0929
343.48699999999945,5.492701775443557,6.937804572487076,442.0601501464844,3,180.4302
343.48699999999945,7.2938053379671866,7.34873376618654,413.91143798828125,3,197.8097
343.48699999999945,5.545394601887682,6.99252540330923,438.4962463378906,3,240.1611
343.48699999999945,5.807217299053198,6.831992089195487,426.9714660644531,3,198.0938
343.48699999999945,4.642657162019472,6.596589392187629,432.8703918457031,3,210.4158
343.48699999999945,5.035255688617843,6.088956791955314,433.79376220703125,3,219.0404
343.48699999999945,6.827786064968894,6.995179133038172,439.07305908203125,3,206.6343
343.48699999999945,6.956933421740142,6.956933421740142,433.6099853515625,3,210.3911
343.48699999999945,6.017729430189218,6.818538804621321,448.1361083984375,3,210.4684
343.48699999999945,6.90771977079612,6.908675624938334,422.5328674316406,3,189.3973
343.48699999999945,4.602081171438046,5.785557319096712,449.28851318359375,3,200.9175
343.48699999999945,5.742288417438775,6.728998036430868,438.1988220214844,3,201.5346
343.48699999999945,6.101150980565018,6.101150980565018,445.0760803222656,3,194.1977
343.48699999999945,6.368990820619948,7.027596950335572,443.6240539550781,3,202.2267
343.48699999999945,5.861223071182041,6.109159170152339,423.9118347167969,3,200.8525
309.51399999999927,2.7543148088827514,7.183543376448793,444.7906494140625,2,192.0458
309.51399999999927,5.678285669976156,6.574826465130828,440.0777587890625,2,193.9031
309.51399999999927,6.89336930434081,7.1474123410363255,435.77752685546875,2,188.7862
309.51399999999927,7.083092123839069,7.4684307026236105,447.6524353027344,2,202.548
309.51399999999927,6.657057126170508,6.760308068521584,437.5068054199219,2,183.9077
309.51399999999927,5.871430085272556,6.808446822884819,446.38348388671875,2,194.3452
309.51399999999927,7.030366601358002,7.030366601358002,441.63604736328125,2,211.8149
309.51399999999927,6.036385084806405,7.127248012568804,443.86273193359375,2,189.686
309.51399999999927,6.8512630737681715,7.310773823125212,437.7345275878906,2,213.3653
309.51399999999927,6.153337064227433,6.985739588513591,446.21917724609375,2,204.8268
309.51399999999927,5.554036207888874,6.997388087964151,443.928955078125,2,195.9699
309.51399999999927,7.0213111425133405,7.0213111425133405,441.1641540527344,2,212.4652
309.51399999999927,6.45419892717129,6.45419892717129,438.6017761230469,2,213.9385
309.51399999999927,6.744131134553518,6.744131134553518,441.3854064941406,2,208.1218
309.51399999999927,6.659792497468565,6.689073514381782,439.43182373046875,2,184.7646
309.51399999999927,5.523270026987812,6.126475141258251,446.8753967285156,2,205.0043
309.51399999999927,6.732615105078075,6.732615105078075,443.9288024902344,2,235.0312
309.51399999999927,4.838660446680627,7.269388336797052,445.6977844238281,2,199.2721
309.51399999999927,5.034941875042551,5.9815528761058525,447.6652526855469,2,187.6881
309.51399999999927,4.511894161567117,6.4624944632173875,440.9903564453125,2,186.9408
274.2929999999996,5.347352877039924,5.515678099727511,309.0970153808594,7,178.3653
274.2929999999996,5.337679347152336,5.337679347152336,311.0666809082031,7,166.2073
274.2929999999996,5.337679347152336,5.337679347152336,311.0666809082031,7,166.2038
274.2929999999996,4.727546665616827,4.727546665616827,301.28363037109375,7,178.8952
274.2929999999996,3.872711635264211,5.173307394358788,293.4066467285156,7,167.4459
274.2929999999996,5.692935112131754,5.692935112131754,311.3092346191406,7,168.8805
274.2929999999996,4.770125712784511,4.770125712784511,293.8242492675781,7,165.1856
274.2929999999996,5.051192558243632,5.051192558243632,308.90277099609375,7,178.5653
274.2929999999996,5.450326456015556,5.450326456015556,297.55865478515625,7,163.9395
274.2929999999996,4.984078852069563,4.984078852069563,305.0,7,177.5855
274.2929999999996,5.051192558243632,5.051192558243632,308.90277099609375,7,178.5653
274.2929999999996,5.692935112131754,5.692935112131754,311.3092346191406,7,168.8388
274.2929999999996,4.772423729333953,4.772423729333953,306.8528137207031,7,167.8343
274.2929999999996,5.051192558243632,5.051192558243632,308.90277099609375,7,178.5653
274.2929999999996,4.984078852069563,4.984078852069563,305.0,7,177.5855
274.2929999999996,4.554889671380623,4.896449311860166,306.2686462402344,7,169.8762
274.2929999999996,5.180646393100811,5.180646393100811,306.6568603515625,7,177.9624
274.2929999999996,4.984078852069563,4.984078852069563,305.0,7,177.5855
274.2929999999996,5.051192558243632,5.051192558243632,308.90277099609375,7,178.5653
274.2929999999996,5.347352877039924,5.515678099727511,309.0970153808594,7,178.3653
274.2929999999996,4.941256063645863,4.941256063645863,296.0667419433594,7,165.0384
274.2929999999996,5.337679347152336,5.337679347152336,311.0666809082031,7,166.232
274.2929999999996,4.82401438855913,4.921799137747569,302.2371826171875,7,176.2622
274.2929999999996,5.029994694005363,5.029994694005363,305.85882568359375,7,165.9691
274.2929999999996,5.180646393100811,5.180646393100811,306.6568603515625,7,177.9624
274.2929999999996,5.347352877039924,5.515678099727511,309.0970153808594,7,178.3653
274.2929999999996,5.347352877039924,5.515678099727511,309.0970153808594,7,178.3653
274.2929999999996,5.337679347152336,5.337679347152336,311.0666809082031,7,166.2073
274.2929999999996,5.052679181263712,5.052679181263712,298.72149658203125,7,164.7554
274.2929999999996,4.779853554728891,4.779853554728891,293.9648742675781,7,178.6682
274.2929999999996,5.051192558243632,5.051192558243632,308.90277099609375,7,178.5653
274.2929999999996,5.347352877039924,5.515678099727511,309.0970153808594,7,178.3653
274.2929999999996,4.984078852069563,4.984078852069563,305.0,7,177.5855
274.2929999999996,5.180646393100811,5.180646393100811,306.6568603515625,7,177.9624
274.2929999999996,4.790313034748255,5.195924228543969,299.2847595214844,7,163.5377
274.2929999999996,5.337679347152336,5.337679347152336,311.0666809082031,7,166.2011
274.2929999999996,4.727546665616827,4.727546665616827,301.28363037109375,7,178.8683
274.2929999999996,4.727546665616827,4.727546665616827,301.28363037109375,7,178.9268
274.2929999999996,4.72759748492015,4.845794225835328,298.14666748046875,7,174.3068
274.2929999999996,5.180646393100811,5.180646393100811,306.6568603515625,7,177.9624
274.2929999999996,4.727546665616827,4.727546665616827,301.28363037109375,7,179.0785
274.2929999999996,4.772423729333953,4.772423729333953,306.8528137207031,7,167.819
274.2929999999996,5.337679347152336,5.337679347152336,311.0666809082031,7,166.2073
274.2929999999996,5.692935112131754,5.692935112131754,311.3092346191406,7,168.8507
274.2929999999996,4.544407528599601,4.782161181243107,294.1761779785156,7,164.3553
274.2929999999996,5.146599406668535,5.146599406668535,298.756103515625,7,163.724
274.2929999999996,4.727546665616827,4.727546665616827,301.28363037109375,7,178.7792
274.2929999999996,5.051192558243632,5.051192558243632,308.90277099609375,7,178.5653
274.2929999999996,5.347352877039924,5.515678099727511,309.0970153808594,7,178.3653
274.2929999999996,5.347352877039924,5.515678099727511,309.0970153808594,7,178.3653
274.2929999999996,4.971668800595512,5.12582231143879,300.673095703125,7,164.0092
274.2929999999996,5.051192558243632,5.051192558243632,308.90277099609375,7,178.5653
274.2929999999996,5.692935112131754,5.692935112131754,311.3092346191406,7,168.8812
274.2929999999996,4.772423729333953,4.772423729333953,306.8528137207031,7,167.8343
274.2929999999996,5.692935112131754,5.692935112131754,311.3092346191406,7,168.8576
274.2929999999996,5.180646393100811,5.180646393100811,306.6568603515625,7,177.9624
274.2929999999996,5.180646393100811,5.180646393100811,306.6568603515625,7,177.9624
274.2929999999996,5.180646393100811,5.180646393100811,306.6568603515625,7,177.9624
274.2929999999996,4.984078852069563,4.984078852069563,305.0,7,177.5855
274.2929999999996,4.984078852069563,4.984078852069563,305.0,7,177.5855
274.2929999999996,4.984078852069563,4.984078852069563,305.0,7,177.6833
274.2929999999996,4.9622442971283505,4.9622442971283505,301.7255554199219,7,164.6375
274.2929999999996,4.772423729333953,4.772423729333953,306.8528137207031,7,167.8343
274.2929999999996,4.727546665616827,4.727546665616827,301.28363037109375,7,179.0332
351.4629999999995,6.648077377212911,6.648077377212911,450.3304443359375,5,207.2544
351.4629999999995,6.648077377212911,6.648077377212911,450.3304443359375,5,207.2768
351.4629999999995,7.672806051801237,8.18517340002239,452.23175048828125,5,263.8339
351.4629999999995,6.648077377212911,6.648077377212911,450.3304443359375,5,207.1379
351.4629999999995,7.672806051801237,8.18517340002239,452.23175048828125,5,263.7372
351.4629999999995,6.648077377212911,6.648077377212911,450.3304443359375,5,207.1683
351.4629999999995,7.672806051801237,8.18517340002239,452.23175048828125,5,263.8339
351.4629999999995,6.648077377212911,6.648077377212911,450.3304443359375,5,207.2887
351.4629999999995,7.672806051801237,8.18517340002239,452.23175048828125,5,263.764
351.4629999999995,6.648077377212911,6.648077377212911,450.3304443359375,5,207.2082
351.4629999999995,5.027598333867723,6.651829799413024,436.2521057128906,5,192.0051
351.4629999999995,6.648077377212911,6.648077377212911,450.3304443359375,5,207.1832
351.4629999999995,7.672806051801237,8.18517340002239,452.23175048828125,5,263.7372
351.4629999999995,6.648077377212911,6.648077377212911,450.3304443359375,5,207.2576
351.4629999999995,7.672806051801237,8.18517340002239,452.23175048828125,5,263.7372
351.4629999999995,6.648077377212911,6.648077377212911,450.3304443359375,5,207.352
351.4629999999995,7.672806051801237,8.18517340002239,452.23175048828125,5,263.8339
351.4629999999995,7.672806051801237,8.18517340002239,452.23175048828125,5,263.8339
351.4629999999995,7.672806051801237,8.18517340002239,452.23175048828125,5,263.8339
351.4629999999995,6.648077377212911,6.648077377212911,450.3304443359375,5,207.2586
351.4629999999995,7.672806051801237,8.18517340002239,452.23175048828125,5,263.7372
351.4629999999995,7.672806051801237,8.18517340002239,452.23175048828125,5,263.8339
351.4629999999995,7.672806051801237,8.18517340002239,452.23175048828125,5,263.7989
351.4629999999995,6.648077377212911,6.648077377212911,450.3304443359375,5,207.3485
351.4629999999995,7.672806051801237,8.18517340002239,452.23175048828125,5,263.7527
351.4629999999995,7.672806051801237,8.18517340002239,452.23175048828125,5,263.8339
351.4629999999995,6.648077377212911,6.648077377212911,450.3304443359375,5,207.283
351.4629999999995,6.648077377212911,6.648077377212911,450.3304443359375,5,207.1665
351.4629999999995,6.648077377212911,6.648077377212911,450.3304443359375,5,207.2973
351.4629999999995,6.648077377212911,6.648077377212911,450.3304443359375,5,207.2461
351.4629999999995,6.648077377212911,6.648077377212911,450.3304443359375,5,207.1763
351.4629999999995,6.648077377212911,6.648077377212911,450.3304443359375,5,207.2586
351.4629999999995,7.672806051801237,8.18517340002239,452.23175048828125,5,263.8339
351.4629999999995,6.648077377212911,6.648077377212911,450.3304443359375,5,207.1665
351.4629999999995,6.648077377212911,6.648077377212911,450.3304443359375,5,207.2571
351.4629999999995,7.672806051801237,8.18517340002239,452.23175048828125,5,263.8339
351.4629999999995,7.672806051801237,8.18517340002239,452.23175048828125,5,263.764
351.4629999999995,6.648077377212911,6.648077377212911,450.3304443359375,5,207.1858
351.4629999999995,7.672806051801237,8.18517340002239,452.23175048828125,5,263.8339
351.4629999999995,6.648077377212911,6.648077377212911,450.3304443359375,5,207.2756
351.4629999999995,7.672806051801237,8.18517340002239,452.23175048828125,5,263.8339
351.4629999999995,7.672806051801237,8.18517340002239,452.23175048828125,5,263.764
351.4629999999995,6.648077377212911,6.648077377212911,450.3304443359375,5,207.1665
351.4629999999995,6.648077377212911,6.648077377212911,450.3304443359375,5,207.1885
351.4629999999995,6.97079651701216,7.4073728845952935,438.7460632324219,5,204.38
351.4629999999995,5.330784742605522,7.617206801074773,433.4070129394531,5,186.6325
351.4629999999995,6.3349201350961435,7.743479748677432,456.5644836425781,5,228.3996
351.4629999999995,6.592064787062571,7.2394406293424245,445.0771179199219,5,219.4768
351.4629999999995,6.162019712724778,7.173674570661327,438.76806640625,5,204.7861
351.4629999999995,6.026444824160339,7.0794816246195005,446.7051086425781,5,198.0099
351.4629999999995,6.071766170418695,6.990196630558193,446.6774597167969,5,223.5686
351.4629999999995,7.349897971013193,7.97366867894016,442.27581787109375,5,205.3682
351.4629999999995,6.072113897138893,7.641185992094763,443.19207763671875,5,229.2364
351.4629999999995,6.082066558197351,7.921436464411803,445.1044616699219,5,223.7256
351.4629999999995,5.387413321713086,7.467312529491651,440.24822998046875,5,207.359
351.4629999999995,6.5478543387600805,7.18123277533749,444.2691650390625,5,214.0327
351.4629999999995,6.023506381607347,6.758928878223181,449.73138427734375,5,202.8541
351.4629999999995,6.131742660079452,6.388708880207486,439.8754577636719,5,208.7296
351.4629999999995,6.674941068765195,7.10429709599507,444.32000732421875,5,222.2145
351.4629999999995,6.7901108197061415,7.654939743543359,437.5263977050781,5,217.1871
351.4629999999995,7.331009740616617,7.874749088358032,446.67218017578125,5,221.589
351.4629999999995,6.8688508340839265,6.8688508340839265,441.50042724609375,5,221.6893
351.4629999999995,6.2392664020438175,8.46736848177098,456.7310791015625,5,231.8849
351.4629999999995,5.077570415842425,6.277583019602476,450.80230712890625,5,207.2811
351.4629999999995,7.217017520343536,7.217017520343536,454.40081787109375,5,225.0407
351.4629999999995,6.630076648498069,7.113792935832383,441.9116516113281,5,211.689
351.4629999999995,6.172141774220743,6.9985246285170675,450.8306579589844,5,215.8015
351.4629999999995,5.085622611644217,7.128748298816373,444.85736083984375,5,227.8942
351.4629999999995,4.90583507006194,5.913037374058839,442.7410888671875,5,206.1601
351.4629999999995,6.385869054658558,7.010606410218111,446.1072998046875,5,208.2419
351.4629999999995,7.755449803601975,8.239022493903239,435.552978515625,5,205.3975
351.4629999999995,6.280364764451746,6.574291542549036,438.5563049316406,5,199.6441
351.4629999999995,5.903781664118001,8.228131315799423,442.1785583496094,5,208.3125
351.4629999999995,6.1827172058199595,7.348544280848155,456.54534912109375,5,223.3626
351.4629999999995,6.571746834681771,7.2901841684086435,452.71624755859375,5,217.9288
351.4629999999995,7.590909563231354,7.829003320927651,451.3536071777344,5,223.4886
351.4629999999995,7.590909563231354,7.829003320927651,451.3536071777344,5,223.4886
351.4629999999995,6.1827172058199595,7.348544280848155,456.54534912109375,5,223.3626
351.4629999999995,5.215358935266809,7.341887281886058,447.6848449707031,5,198.215
351.4629999999995,6.1827172058199595,7.348544280848155,456.54534912109375,5,223.3626
351.4629999999995,6.1827172058199595,7.348544280848155,456.54534912109375,5,223.3626
351.4629999999995,6.571746834681771,7.2901841684086435,452.71624755859375,5,217.9288
351.4629999999995,6.571746834681771,7.2901841684086435,452.71624755859375,5,217.9288
351.4629999999995,6.571746834681771,7.2901841684086435,452.71624755859375,5,217.9288
351.4629999999995,6.1827172058199595,7.348544280848155,456.54534912109375,5,223.3626
351.4629999999995,5.566534350442121,7.7311806549666535,452.54931640625,5,232.4006
351.4629999999995,6.1827172058199595,7.348544280848155,456.54534912109375,5,223.3626
351.4629999999995,7.590909563231354,7.829003320927651,451.3536071777344,5,223.4886
351.4629999999995,7.590909563231354,7.829003320927651,451.3536071777344,5,223.4886
351.4629999999995,5.122449331708249,7.844101876775407,454.4055480957031,5,227.2559
395.69199999999915,13.654975082583249,15.884703429726928,611.4441528320312,2,298.0665
395.69199999999915,11.782085447223034,13.765145452282082,613.5252075195312,2,306.8182
395.69199999999915,14.43214274089429,14.63972630703457,608.6246948242188,2,313.1717
395.69199999999915,12.369624162606621,14.910047125881432,608.0865478515625,2,300.1439
395.69199999999915,10.254353316835552,12.450129797241223,607.446533203125,2,298.9873
395.69199999999915,14.64767567702134,14.64767567702134,612.4635009765625,2,304.7095
395.69199999999915,13.199343300132613,16.411722166241308,612.3214721679688,2,307.4399
395.69199999999915,13.32610919413633,14.504065927889469,605.5458374023438,2,321.4
395.69199999999915,12.5495636270124,15.002303130524783,608.8040771484375,2,300.641
395.69199999999915,13.559298738910876,15.281199698252655,610.8705444335938,2,300.093
395.69199999999915,13.58371653933323,13.58371653933323,608.1904907226562,2,309.4424
395.69199999999915,13.382173424391123,13.382173424391123,603.742919921875,2,308.8202
395.69199999999915,12.500116952150602,14.429753082338989,606.8995361328125,2,304.5847
395.69199999999915,12.305209622545663,13.491634000272128,610.4629516601562,2,315.6405
395.69199999999915,13.355740909798351,14.530756273110121,600.7740478515625,2,301.8474
395.69199999999915,13.403540702473325,15.783246868071355,605.8114013671875,2,302.0829
395.69199999999915,10.499000781429116,10.540654465866664,611.3016967773438,2,304.3075
395.69199999999915,14.127865486298576,15.955799335898162,612.6184692382812,2,304.2278
395.69199999999915,12.906355313143276,14.564924138347795,610.5631713867188,2,303.7153
395.69199999999915,9.913382242536501,14.540456699209827,611.5299072265625,2,296.7913
395.69199999999915,13.070936593377983,13.070936593377983,609.2290649414062,2,308.0927
