537.6410000000011,10.64307931910477,11.702053737267528,590.03271484375,11,246.6231
537.6410000000011,14.109082707325225,14.994305546543988,605.6982421875,11,268.1827
537.6410000000011,13.006581985885415,13.9325947670782,603.162841796875,11,253.3849
537.6410000000011,10.226567306413015,10.863481627951613,597.6708374023438,11,244.4421
537.6410000000011,8.125554613660269,9.818750640805423,594.0668334960938,11,242.1673
537.6410000000011,11.375190162733594,12.278744761186637,603.106689453125,11,247.7744
537.6410000000011,10.321068435139209,11.106363200331321,603.9474487304688,11,247.3717
537.6410000000011,12.136159042943833,12.761983522010558,595.105712890625,11,237.6701
537.6410000000011,11.578478197169412,12.103890581535477,608.0541381835938,11,246.0559
537.6410000000011,12.040500500776847,12.706297467046863,588.23291015625,11,248.0465
537.6410000000011,9.66774198241282,11.738114797541666,599.0693969726562,11,233.2295
537.6410000000011,9.752452161939456,9.752452161939456,586.8797607421875,11,239.1604
537.6410000000011,11.721764852213914,12.566114953707824,596.2592163085938,11,252.7471
537.6410000000011,13.26336700460362,14.206371512766943,599.017822265625,11,248.8007
537.6410000000011,11.34643211283873,12.047340506832446,603.5226440429688,11,246.9082
537.6410000000011,9.066822903933168,10.384513004702756,581.16845703125,11,235.7376
537.6410000000011,10.698926242462235,11.697348299790544,593.0199584960938,11,247.6838
537.6410000000011,11.09426401583706,11.527648840726291,599.684814453125,11,256.4673
537.6410000000011,11.687978372081524,11.997462908434658,596.8028564453125,11,255.0548
537.6410000000011,11.24862022538976,11.66507521823818,592.8734130859375,11,248.2498
537.6410000000011,9.717839708358477,11.625024491373251,609.6489868164062,11,244.1755
537.6410000000011,9.96029381302998,11.744593992456728,598.0248413085938,11,264.8814
537.6410000000011,10.644387738376286,11.775092956531646,604.2454833984375,11,253.9444
537.6410000000011,12.651924433096056,13.559911461058984,605.3662719726562,11,276.1606
537.6410000000011,12.806327448627005,13.69803293929109,583.0077514648438,11,241.3689
537.6410000000011,11.006882759169562,11.757851674764758,594.7487182617188,11,242.4643
537.6410000000011,10.498081958045908,11.749143254666798,603.9918212890625,11,253.7965
537.6410000000011,9.28396843233635,11.873188426716993,606.8602294921875,11,240.7783
537.6410000000011,9.934008721765805,12.707999915869157,602.0223388671875,11,264.0701
537.6410000000011,10.388764636845853,10.695928841656906,595.114013671875,11,262.1696
537.6410000000011,9.199752850750592,11.883078577816391,604.751220703125,11,240.6882
537.6410000000011,8.510995788176352,10.353625707631846,576.7227172851562,11,239.2459
537.6410000000011,9.706973221155813,10.387707719467816,606.9208374023438,11,228.9137
537.6410000000011,9.250890962860993,9.5633359706652,589.4414672851562,11,247.8409
537.6410000000011,10.47549233091182,11.461649758003807,598.2720947265625,11,226.8756
537.6410000000011,11.398975457835208,12.144141121437821,598.5805053710938,11,271.1021
537.6410000000011,10.524828829222717,11.251479717365635,598.1431274414062,11,233.7933
537.6410000000011,11.721974053447571,12.674603927348798,600.7720947265625,11,259.8049
537.6410000000011,10.780115965475407,11.445863255694903,598.0737915039062,11,243.3474
537.6410000000011,10.498081958045908,11.546973664594303,607.9502563476562,11,257.0913
537.6410000000011,11.214531093806892,12.707999915869157,596.6510620117188,11,264.4454
537.6410000000011,8.874992455495804,11.960632370962044,612.698486328125,11,251.2585
537.6410000000011,8.508125243956739,10.91004294480656,606.8499145507812,11,250.0191
537.6410000000011,10.151483383876387,10.851417649232689,599.7581176757812,11,244.6319
537.6410000000011,10.434997848864128,11.217782681559132,603.470458984375,11,244.7974
537.6410000000011,11.740234560966183,12.707636631130939,600.5776977539062,11,240.0699
537.6410000000011,11.591376849506023,12.112578356144216,608.8113403320312,11,251.5118
537.6410000000011,8.828669291742457,11.982001500485708,605.0872802734375,11,243.4187
537.6410000000011,9.817919079648405,10.070090910035573,610.7267456054688,11,244.6687
537.6410000000011,9.073932671068519,11.636966158478824,602.4668579101562,11,253.0421
537.6410000000011,10.761226431920383,11.504934143311237,596.1030883789062,11,240.4293
537.6410000000011,8.82357110571875,10.358542563355085,600.9489135742188,11,244.6972
537.6410000000011,11.621193649563171,12.341869756998287,604.919189453125,11,243.8791
537.6410000000011,12.146490005928179,13.087355230070507,600.5604858398438,11,234.3969
537.6410000000011,8.462569849634463,11.604334561574545,603.271484375,11,229.2766
537.6410000000011,11.361857660347962,12.344803008400325,604.44677734375,11,232.3983
537.6410000000011,10.54040091923771,11.32180138948642,600.013671875,11,231.6817
537.6410000000011,11.24095066280864,12.170944866109274,591.9598388671875,11,252.9791
537.6410000000011,9.994138817006352,10.953905066066664,600.4646606445312,11,244.1923
537.6410000000011,8.90606322248403,9.713680534852504,593.6190795898438,11,247.5073
537.6410000000011,10.558429635313386,11.54144069917284,590.9298706054688,11,265.4047
537.6410000000011,11.1264918530657,11.742337256084936,613.3942260742188,11,270.0561
537.6410000000011,11.765265150658072,12.592798342758412,599.8074951171875,11,249.4199
120.12799999999994,3.4552760368303512,4.310079391514178,158.78872680664062,4,120.6187
120.12799999999994,2.87684003369473,3.8273282389369974,159.1713409423828,4,114.9562
120.12799999999994,3.661168925391707,3.661168925391707,156.28201293945312,4,121.601
120.12799999999994,3.148914432674041,3.9077865979047592,155.54498291015625,4,119.9754
120.12799999999994,3.194110650095121,4.1318203036543,156.1646270751953,4,119.3814
120.12799999999994,2.7446598500812023,3.5637702770030444,155.59500122070312,4,117.8635
120.12799999999994,3.116712504171219,3.7777423130910357,153.69541931152344,4,119.879
120.12799999999994,2.97969746033265,3.916256992104254,155.97756958007812,4,116.1081
120.12799999999994,2.574282083886992,3.3235706686469775,152.19985961914062,4,115.3766
120.12799999999994,2.9281169313622573,3.6072940820220762,150.38954162597656,4,118.8462
120.12799999999994,2.7788547184610493,3.387100056558406,148.30311584472656,4,116.0731
120.12799999999994,2.845388553299944,3.8319211798722073,154.36273193359375,4,116.9139
120.12799999999994,3.0909176325415455,3.468600577194489,151.68121337890625,4,120.107
120.12799999999994,3.1734372530693253,3.437178102509085,151.9315948486328,4,121.5152
120.12799999999994,2.507882273569943,3.240561395831794,149.66404724121094,4,114.2042
120.12799999999994,2.882121376042968,3.38935631654335,148.5847930908203,4,115.4445
437.5209999999995,9.832572464891236,10.474064770281071,501.9402160644531,11,218.9897
437.5209999999995,10.099880938218739,10.547841790104105,504.9845886230469,11,222.1295
437.5209999999995,8.560747287996124,8.855999445773504,499.9388732910156,11,205.694
437.5209999999995,9.368540681938468,10.167398040192529,500.7366943359375,11,229.6743
437.5209999999995,10.219423986713352,10.644338564311601,496.66119384765625,11,209.5078
437.5209999999995,10.278036175384967,11.05058869874318,498.61956787109375,11,214.5284
437.5209999999995,8.921736417135952,9.794976005426557,501.03216552734375,11,212.1903
437.5209999999995,10.222188392283096,10.6908029868862,502.2403564453125,11,229.212
437.5209999999995,10.7527203754093,11.347434981682646,503.22601318359375,11,225.8866
437.5209999999995,10.290653793788918,11.038546422054937,501.51495361328125,11,245.5365
437.5209999999995,10.141941390131954,10.833468281866814,499.8526916503906,11,237.8481
437.5209999999995,10.367902658215508,11.17975593867186,499.3199157714844,11,226.4491
437.5209999999995,10.09012024840385,10.547994873846172,497.51171875,11,224.168
437.5209999999995,10.099880938218739,10.49088637340733,505.0943603515625,11,235.9055
437.5209999999995,10.124653009105401,10.795723256049216,499.87774658203125,11,230.7468
437.5209999999995,10.161333382513893,10.630428208612976,505.1829528808594,11,243.2961
437.5209999999995,10.222188392283096,10.586700704925432,502.49664306640625,11,230.0489
437.5209999999995,9.534303694988203,10.10559555118656,494.28411865234375,11,222.4748
437.5209999999995,9.080777229038178,9.315495142973797,506.1380615234375,11,215.3168
437.5209999999995,8.674438765425986,9.0434327252976,503.0614929199219,11,220.4506
437.5209999999995,10.525534744805094,10.972032190771108,494.7768859863281,11,235.6936
437.5209999999995,10.449721182470878,10.802446565954924,502.4639587402344,11,211.217
437.5209999999995,9.749867486725547,10.332427652197257,495.17633056640625,11,241.8655
437.5209999999995,10.371059645630854,10.81271277284936,496.16851806640625,11,214.0743
437.5209999999995,10.049990727075702,10.687379533124243,496.7317199707031,11,230.9513
437.5209999999995,10.487181828967781,10.84111443950355,507.0973205566406,11,203.3723
437.5209999999995,7.40845773095868,7.95796772372125,479.62225341796875,11,220.3593
437.5209999999995,10.037856715973028,10.813003164236408,494.6808166503906,11,207.9371
437.5209999999995,8.00717774508257,8.391570643976907,498.19915771484375,11,205.8812
437.5209999999995,10.427944672867033,10.970882607664914,494.1996154785156,11,215.2239
437.5209999999995,8.00717774508257,8.339423551423298,500.69842529296875,11,208.8015
437.5209999999995,9.131086887000228,9.936577642995257,487.2279052734375,11,213.7761
437.5209999999995,9.904088555351688,10.342998639308426,502.0904235839844,11,211.1509
437.5209999999995,9.866579083794287,10.329225278530107,504.8733825683594,11,198.8243
437.5209999999995,9.911071972543008,10.40550846630621,502.0013122558594,11,221.2513
437.5209999999995,9.911071972543008,10.531477496238022,503.580810546875,11,219.2418
437.5209999999995,9.911071972543008,10.40550846630621,502.5180358886719,11,224.4177
437.5209999999995,9.551896698819636,9.761321876666116,500.6298522949219,11,225.2529
437.5209999999995,9.920521464086804,10.176717146552049,503.13623046875,11,216.1226
437.5209999999995,10.141597927828203,11.054979414675419,503.8564147949219,11,226.2193
437.5209999999995,7.87009164430592,8.211231833202085,495.6706848144531,11,203.0943
437.5209999999995,8.844276019554435,9.56849538360393,489.97137451171875,11,203.2218
437.5209999999995,9.034727012490434,9.304013231272666,503.2775573730469,11,208.732
437.5209999999995,9.853588449102807,10.058968904293373,503.0930480957031,11,210.0652
437.5209999999995,9.90267083448681,10.234136692446137,508.994873046875,11,233.9335
437.5209999999995,9.866579083794287,10.329225278530107,501.82568359375,11,225.3029
437.5209999999995,9.735734911446476,10.316590324758234,500.69329833984375,11,205.6445
437.5209999999995,8.196789017034627,9.032035034484384,500.1607971191406,11,215.5309
437.5209999999995,8.88808682790073,9.401125926749373,489.00421142578125,11,223.7601
437.5209999999995,7.89974604763091,8.115217005937039,503.16400146484375,11,216.1551
437.5209999999995,8.8354935786367,9.440325007904098,494.77410888671875,11,221.1685
437.5209999999995,9.904088555351688,10.209826357827845,503.3441467285156,11,213.1826
120.12799999999994,3.0680682959966323,3.774816580892904,148.89535522460938,4,127.4767
120.12799999999994,2.9749527501870485,3.503962646944498,149.73501586914062,4,116.2553
120.12799999999994,2.9557498261843556,3.690885869088584,150.2703094482422,4,127.8759
120.12799999999994,3.0498377974611803,3.89035086045911,152.00119018554688,4,115.7985
120.12799999999994,3.0257567772696716,3.545314997065457,149.51226806640625,4,116.3899
120.12799999999994,2.4648373092985105,3.1274809302491056,143.8599395751953,4,113.9458
120.12799999999994,3.0511391280591775,3.891452867207636,150.91595458984375,4,115.632
120.12799999999994,3.226858212577502,3.7481347486088654,150.69442749023438,4,122.6748
120.12799999999994,2.9235711041865553,3.790875675014692,150.0942840576172,4,116.4201
120.12799999999994,2.316044638622117,3.2224659753862643,148.95713806152344,4,121.4781
120.12799999999994,2.8841313613050734,3.6337264079754887,148.9681854248047,4,115.1982
120.12799999999994,2.914288701469252,3.6027472428142744,151.5567626953125,4,116.9528
120.12799999999994,3.1623412970331906,4.008111288526652,152.38133239746094,4,117.065
1014.213000000001,14.684599925809396,15.310372651643146,1183.8062744140625,26,395.7902
1014.213000000001,14.980642330141539,15.978147132523329,1181.7315673828125,26,467.3624
1014.213000000001,14.041755743575408,14.768540270732297,1157.84375,26,386.691
1014.213000000001,14.514864638024765,15.174642086839869,1170.466796875,26,466.0616
1014.213000000001,16.001769410842122,16.944749957735084,1155.48779296875,26,441.1791
1014.213000000001,14.408349089460497,14.408349089460497,1148.1708984375,26,376.3584
1014.213000000001,16.24768075889494,17.154554775226497,1172.8466796875,26,459.3603
1014.213000000001,13.182797314853195,13.855724277922581,1162.655517578125,26,375.5903
1014.213000000001,15.479087206655906,16.208885538273048,1159.2174072265625,26,322.9297
1014.213000000001,15.14823232240161,15.882526743499024,1163.71826171875,26,465.0879
1014.213000000001,14.366558091175616,15.170227816487392,1142.62109375,26,463.7837
832.9770000000007,14.703406483859863,15.53109194328783,950.5810546875,20,370.4262
832.9770000000007,11.291675124761595,13.027992395181931,934.9786376953125,20,370.4043
832.9770000000007,15.286640307176627,16.04266497251746,940.0042114257812,20,363.0084
832.9770000000007,13.104715668069007,14.064838520243883,947.8521728515625,20,354.7123
832.9770000000007,11.662018378723232,12.67266917193412,922.6953735351562,20,300.8763
832.9770000000007,12.842689184581342,12.842689184581342,953.4169311523438,20,366.9968
832.9770000000007,11.480022018297666,11.480022018297666,923.5089111328125,20,329.7103
832.9770000000007,11.275887996520824,11.474369328305093,933.2064819335938,20,368.7776
832.9770000000007,12.391736545431609,12.667606713277962,953.1728515625,20,350.8776
832.9770000000007,16.65184841223158,17.496502986551995,928.21484375,20,362.3336
832.9770000000007,12.37565569368807,12.37565569368807,937.4224853515625,20,347.346
832.9770000000007,14.88052761754794,15.836117263553012,948.1143188476562,20,358.191
832.9770000000007,12.815216226426823,13.801628167077785,931.5675048828125,20,342.7486
832.9770000000007,16.052433524696475,16.952680347162104,936.0693359375,20,367.5424
832.9770000000007,14.909880399912858,15.894907434658093,946.6517333984375,20,373.9825
832.9770000000007,12.538305570934556,13.695433172229095,923.6241455078125,20,350.3033
832.9770000000007,11.757140438464956,13.459032164937113,932.8416137695312,20,311.1514
832.9770000000007,12.629230540706049,12.733306561087502,943.2349243164062,20,342.9736
832.9770000000007,12.366902823317936,13.00208032445316,927.1875610351562,20,381.5434
832.9770000000007,11.732015529506697,12.384483431672862,938.0140380859375,20,346.4603
832.9770000000007,13.498583961623266,14.835044974542095,925.2227172851562,20,292.79
832.9770000000007,12.42313746107239,12.65841104699247,938.7180786132812,20,373.1632
832.9770000000007,12.018314467969198,12.018314467969198,948.7518920898438,20,305.9853
832.9770000000007,11.672633965235454,12.403243247308668,922.6420288085938,20,330.2968
832.9770000000007,13.249121909433855,13.993272618814967,931.5072021484375,20,294.4207
832.9770000000007,12.613002294276397,13.32411706501128,945.4161376953125,20,346.6061
832.9770000000007,11.681007136382476,12.251726755580437,942.9116821289062,20,327.477
832.9770000000007,11.694911650633951,14.255286136573451,936.2284545898438,20,318.2212
832.9770000000007,12.554709627400118,14.032345617081452,933.44287109375,20,317.9118
832.9770000000007,11.64224271619549,12.475727536237823,948.9088134765625,20,321.7549
832.9770000000007,13.139439918128593,14.106409937896679,955.5632934570312,20,397.5599
832.9770000000007,11.685319433494234,14.852577986959716,929.7713012695312,20,335.8964
832.9770000000007,13.81822219068805,14.79443709944397,949.0330810546875,20,395.5114
832.9770000000007,12.776510280426992,13.483480070495435,957.0328979492188,20,383.7624
832.9770000000007,12.56870858196643,13.582193862577387,937.0474243164062,20,327.7529
832.9770000000007,15.081647451340102,16.01134263824933,949.947509765625,20,387.8133
832.9770000000007,13.993546079238927,14.595427738581987,942.9442749023438,20,397.5038
1356.5270000000014,21.983976894037205,22.766964230703493,1473.938232421875,33,428.254
1356.5270000000014,17.197514550885124,17.601094946329017,1457.78076171875,33,499.8203
1356.5270000000014,20.70622257369292,21.48399353150374,1489.8251953125,33,494.9287
417.48699999999997,7.049473457595546,8.09174116314634,491.5513916015625,12,197.0808
417.48699999999997,7.436917534281448,8.146786183605808,499.6843566894531,12,217.3179
417.48699999999997,8.531712437776065,9.414767485264065,499.1011657714844,12,215.0533
417.48699999999997,7.427935271378702,8.287077404056092,492.73779296875,12,218.5533
417.48699999999997,7.534070458057722,8.452787310452187,480.6005554199219,12,197.5386
417.48699999999997,7.805506043368192,8.740971263705918,493.71478271484375,12,211.2772
417.48699999999997,6.949119085276089,7.958302874810897,497.1253967285156,12,207.6048
417.48699999999997,10.065914464808882,10.964104543628126,489.9115905761719,12,204.2337
417.48699999999997,7.6707654008363955,8.502925866875678,490.275390625,12,228.7826
417.48699999999997,8.308372203422858,8.699732713799026,495.8392639160156,12,218.4085
417.48699999999997,7.752972109677229,8.521762653983027,498.4901428222656,12,204.4433
417.48699999999997,7.254636717526654,7.897079994378642,489.2797546386719,12,207.1907
417.48699999999997,6.341595550290215,7.8352577897695435,493.11700439453125,12,207.4736
417.48699999999997,7.745162294420583,8.455658441308813,485.0477294921875,12,222.3402
417.48699999999997,7.292289619866563,7.366191695894501,499.1824035644531,12,208.014
417.48699999999997,6.933439882761441,7.713974476898182,485.390869140625,12,205.5846
417.48699999999997,9.735342546496346,10.47678256006814,497.14691162109375,12,237.1598
417.48699999999997,7.620276286839442,8.382434937613182,498.6310729980469,12,202.5822
591.6460000000002,8.660985314667696,9.664126034354727,644.1951293945312,16,246.1363
591.6460000000002,9.441375336455474,10.619889318814042,648.4083862304688,16,255.2894
591.6460000000002,11.14499245489244,11.975468238935115,655.5944213867188,16,259.4746
591.6460000000002,11.678343604645901,12.476605269669427,630.9547119140625,16,285.1584
591.6460000000002,7.997954834802538,9.470465794877594,634.8423461914062,16,244.4746
591.6460000000002,10.865657757749089,11.45906819352536,644.4633178710938,16,248.6247
591.6460000000002,8.688582821942434,9.514994081487385,638.4589233398438,16,239.3869
591.6460000000002,9.74613163794419,10.132050226680741,652.0510864257812,16,237.0338
591.6460000000002,10.867422605256433,11.707235073799017,643.7800903320312,16,243.6701
591.6460000000002,10.001423379881823,10.964632815153946,652.2470092773438,16,250.9498
591.6460000000002,9.058301446334132,9.29361049546232,658.479248046875,16,237.1168
591.6460000000002,11.24606494558657,12.247568464158414,643.53271484375,16,296.8174
591.6460000000002,8.491992854139596,9.858330851387334,659.947265625,16,247.9133
591.6460000000002,10.683549638449403,11.522207888456606,644.2017822265625,16,235.5948
591.6460000000002,11.62449248384464,12.200408971476099,658.0299072265625,16,241.6795
591.6460000000002,10.746187701585368,11.56808867594622,641.5603637695312,16,261.4132
591.6460000000002,8.187108554296232,10.729225039431247,627.5538940429688,16,243.9869
439.489,8.03602815163008,8.814286158178248,492.4769592285156,11,216.2721
439.489,8.114122957519045,8.839510757981731,489.23712158203125,11,211.7122
439.489,7.989250715404425,8.96129284884508,495.1454772949219,11,212.6369
439.489,8.961566610278595,9.637978945028467,508.3193664550781,11,220.5068
439.489,9.558311657300102,10.490119827533892,506.2815246582031,11,205.1221
439.489,9.277412357854129,9.896377745085168,497.8443298339844,11,230.2059
439.489,9.027720805563904,10.009563096539816,501.85870361328125,11,216.6624
439.489,9.374543453881033,10.093790597099536,506.8330078125,11,207.9196
439.489,10.173514565586952,11.066155248098395,502.8650817871094,11,207.6391
439.489,10.238734818114663,11.1287285160242,503.4552307128906,11,246.3634
439.489,8.919868641833471,9.584465908214586,497.3639831542969,11,213.0108
439.489,9.058713984495023,9.67450959643084,507.0640869140625,11,209.2675
439.489,10.31200694286341,11.206115732749586,502.5574951171875,11,210.9434
439.489,9.302028784134501,9.974022459189465,508.1894836425781,11,220.1345
439.489,9.395890655988591,10.098395979845442,503.7288513183594,11,211.3338
439.489,8.636702293116048,9.587106452587022,511.06402587890625,11,207.588
439.489,9.206421514810263,9.854935525958062,504.68707275390625,11,208.8091
439.489,9.010175299615165,9.068639996903407,504.3055114746094,11,229.9624
439.489,9.107303688401593,10.069378455367348,510.83135986328125,11,231.0571
439.489,9.57860766128654,10.538621184823144,505.16888427734375,11,209.0164
439.489,9.687234788360797,10.60651460446662,505.9583435058594,11,239.4154
869.9980000000006,13.64424505153039,14.477380807892294,972.3375854492188,21,369.4038
869.9980000000006,13.523950156914484,14.3542828594659,981.7368774414062,21,358.0077
869.9980000000006,13.190916026001164,15.844297388438099,973.8038940429688,21,354.2993
869.9980000000006,13.508020386575103,15.305966059714928,977.3690795898438,21,317.6951
869.9980000000006,11.705501560354955,15.111703250578595,971.8192749023438,21,323.2943
869.9980000000006,12.938290505119294,13.845012480425886,969.3077392578125,21,314.9508
869.9980000000006,14.29976253985231,17.690208884747488,973.2260131835938,21,363.1746
869.9980000000006,13.961278164713683,14.898000954705317,960.3569946289062,21,379.0259
869.9980000000006,13.666544293388066,15.805075432059798,955.7507934570312,21,339.3368
869.9980000000006,13.09414096327808,15.198682015965849,979.7386474609375,21,364.2932
869.9980000000006,13.621275414636788,14.538022119641491,973.9741821289062,21,366.9395
869.9980000000006,12.680064088715804,13.564153164495732,962.5482177734375,21,385.7848
869.9980000000006,13.211721402593234,14.922765693648742,981.934326171875,21,286.6534
869.9980000000006,12.301738183492226,13.024430338827163,948.7461547851562,21,343.259
869.9980000000006,14.334181314113938,15.059913942128489,975.8221435546875,21,373.7459
869.9980000000006,13.595801934625037,15.662352677715079,975.53955078125,21,340.5347
869.9980000000006,12.097608891974536,13.18762424814904,969.9970703125,21,350.8274
869.9980000000006,12.63569488468539,15.300380179744796,965.9876098632812,21,369.1421
869.9980000000006,13.052785486324899,16.575522987650395,982.7926635742188,21,327.1531
869.9980000000006,12.446538321732435,13.27231853270918,970.442138671875,21,351.8307
869.9980000000006,13.901375601420133,14.720138885234988,973.9590454101562,21,371.8895
869.9980000000006,11.90439226381332,16.41510689759118,966.1360473632812,21,322.6682
869.9980000000006,13.41474295522106,13.718878699043358,968.12158203125,21,331.863
549.653,9.120262926001475,10.857568746103857,634.5220947265625,14,287.6659
549.653,8.79793502755026,9.409395740682754,631.4697265625,14,260.5507
549.653,10.375946117470479,10.969340511824317,629.5289916992188,14,272.0779
549.653,12.018099460470587,12.952096106127486,644.9154052734375,14,275.6754
549.653,7.759849017599584,11.199999832942353,630.1240234375,14,260.0859
549.653,11.2780834528632,11.853889645083413,647.3080444335938,14,247.3653
549.653,8.102071137810697,10.863895941459612,646.4894409179688,14,260.1264
549.653,11.646131128493574,12.434593874716427,631.4965209960938,14,248.3596
549.653,10.341215219634162,11.08931507632362,621.6550903320312,14,237.786
549.653,9.950760084429273,11.5623245990105,642.7483520507812,14,277.817
549.653,8.70774770731521,9.372476613213856,635.11328125,14,247.7483
549.653,9.849569376887787,10.616296358907775,622.6304321289062,14,271.0254
549.653,8.47876985926255,10.265433900852512,633.714599609375,14,254.401
549.653,10.613174021544145,11.768619668410059,637.7946166992188,14,276.9074
549.653,8.672705963169408,9.983199701285098,634.1968994140625,14,237.1567
549.653,8.899502965661505,11.602387113704967,638.236572265625,14,262.2971
549.653,9.288764898491321,10.132163012404632,636.2023315429688,14,239.9888
549.653,9.298581998830949,10.161786277814574,638.5595092773438,14,235.4337
391.49199999999996,7.782767121811413,12.629179506911637,470.4129333496094,8,201.3561
391.49199999999996,7.944037290563633,9.901360624620652,452.8780212402344,8,195.102
391.49199999999996,6.821546766960159,8.489553192107973,458.89215087890625,8,195.8093
391.49199999999996,7.395024208162918,11.202848221436138,456.9296875,8,212.6163
391.49199999999996,9.687539808201898,10.29296210659188,457.247802734375,8,214.6683
391.49199999999996,9.819718059369922,10.510746767577892,450.9440002441406,8,214.6115
391.49199999999996,7.188345075591564,12.395312820120008,461.28314208984375,8,200.6788
391.49199999999996,6.702136342350951,12.069001754349454,456.9268798828125,8,211.5689
391.49199999999996,6.728040598994588,11.486261199443314,460.0301513671875,8,206.9543
391.49199999999996,8.471740309391029,8.963055312403883,469.3093566894531,8,197.2719
391.49199999999996,9.027892160512716,9.954206008096358,452.6604309082031,8,206.5677
391.49199999999996,8.323068424730645,11.36565705453576,460.193115234375,8,189.2558
391.49199999999996,9.183553458782987,12.577642906078022,464.8833923339844,8,198.8071
391.49199999999996,9.103949861532477,9.763795546051927,458.6123962402344,8,192.0549
391.49199999999996,8.009333629546601,9.04284294050767,443.4097900390625,8,192.9592
391.49199999999996,8.349484048990286,8.885325529546776,453.61456298828125,8,208.0785
391.49199999999996,9.308353050309174,10.081640999902117,457.1727600097656,8,198.6301
391.49199999999996,7.107190443728157,8.396604842616357,437.6946716308594,8,199.2009
391.49199999999996,7.528356632319596,8.785207995183969,459.222900390625,8,187.8072
391.49199999999996,8.942446910538262,9.859110666644025,453.07867431640625,8,189.5804
391.49199999999996,8.109548792010877,10.24851161043722,446.0623779296875,8,194.7877
391.49199999999996,9.036151305019743,9.886427175777909,461.3514709472656,8,197.7516
611.6330000000004,9.97433736675536,10.779703889974579,674.14111328125,18,272.8794
611.6330000000004,9.27846823271611,9.912352811304588,661.608642578125,18,259.1907
611.6330000000004,11.8496610046865,12.772783661067397,663.3362426757812,18,296.4569
611.6330000000004,9.757838345900357,10.577131635383717,662.4799194335938,18,266.268
611.6330000000004,8.90042560047627,11.582324646365013,654.5438842773438,18,283.158
611.6330000000004,9.779380596347124,12.947344352384114,662.6778564453125,18,251.0368
611.6330000000004,9.6563698490457,11.9491345196681,655.9525756835938,18,279.4844
611.6330000000004,8.860145353362961,9.124690186223068,647.0031127929688,18,259.1755
611.6330000000004,12.06893475195545,12.900720403949872,662.59716796875,18,291.3381
611.6330000000004,13.585052919960527,14.16510267070456,655.989501953125,18,310.3756
611.6330000000004,9.388464058483203,10.11660846472359,656.67431640625,18,259.3553
611.6330000000004,9.589571080523726,10.310418377796442,660.9328002929688,18,264.2897
611.6330000000004,11.882407054474367,12.68889748484074,664.7814331054688,18,266.2937
611.6330000000004,8.572605658793133,10.228988503143567,645.9131469726562,18,241.3061
611.6330000000004,8.587684431899385,13.0415870735869,656.2933959960938,18,267.0741
611.6330000000004,11.292140841717046,11.912430752542246,664.1666259765625,18,237.0183
611.6330000000004,9.484176641532368,13.457715701160152,666.3572998046875,18,280.973
611.6330000000004,10.081429103044856,12.16722457361026,662.0730590820312,18,274.5973
611.6330000000004,9.13137271764854,10.248641212653713,670.1556396484375,18,266.529
611.6330000000004,8.35444461210927,9.059430218294874,673.2571411132812,18,247.9787
537.6410000000011,10.64307931910477,11.702053737267528,590.03271484375,11,246.6231
537.6410000000011,14.109082707325225,14.994305546543988,605.6982421875,11,268.1827
537.6410000000011,13.006581985885415,13.9325947670782,603.162841796875,11,253.3849
537.6410000000011,10.226567306413015,10.863481627951613,597.6708374023438,11,244.4421
537.6410000000011,8.125554613660269,9.818750640805423,594.0668334960938,11,242.1673
537.6410000000011,11.375190162733594,12.278744761186637,603.106689453125,11,247.7744
537.6410000000011,10.321068435139209,11.106363200331321,603.9474487304688,11,247.3717
537.6410000000011,12.136159042943833,12.761983522010558,595.105712890625,11,237.6701
537.6410000000011,11.578478197169412,12.103890581535477,608.0541381835938,11,246.0559
537.6410000000011,12.040500500776847,12.706297467046863,588.23291015625,11,248.0465
537.6410000000011,9.66774198241282,11.738114797541666,599.0693969726562,11,233.2295
537.6410000000011,9.752452161939456,9.752452161939456,586.8797607421875,11,239.1604
537.6410000000011,11.721764852213914,12.566114953707824,596.2592163085938,11,252.7471
537.6410000000011,13.26336700460362,14.206371512766943,599.017822265625,11,248.8007
537.6410000000011,11.34643211283873,12.047340506832446,603.5226440429688,11,246.9082
537.6410000000011,9.066822903933168,10.384513004702756,581.16845703125,11,235.7376
537.6410000000011,10.698926242462235,11.697348299790544,593.0199584960938,11,247.6838
537.6410000000011,11.09426401583706,11.527648840726291,599.684814453125,11,256.4673
537.6410000000011,11.687978372081524,11.997462908434658,596.8028564453125,11,255.0548
537.6410000000011,11.24862022538976,11.66507521823818,592.8734130859375,11,248.2498
537.6410000000011,9.717839708358477,11.625024491373251,609.6489868164062,11,244.1755
537.6410000000011,9.96029381302998,11.744593992456728,598.0248413085938,11,264.8814
537.6410000000011,10.644387738376286,11.775092956531646,604.2454833984375,11,253.9444
537.6410000000011,12.651924433096056,13.559911461058984,605.3662719726562,11,276.1606
537.6410000000011,12.806327448627005,13.69803293929109,583.0077514648438,11,241.3689
537.6410000000011,11.006882759169562,11.757851674764758,594.7487182617188,11,242.4643
537.6410000000011,10.498081958045908,11.749143254666798,603.9918212890625,11,253.7965
537.6410000000011,9.28396843233635,11.873188426716993,606.8602294921875,11,240.7783
537.6410000000011,9.934008721765805,12.707999915869157,602.0223388671875,11,264.0701
537.6410000000011,10.388764636845853,10.695928841656906,595.114013671875,11,262.1696
537.6410000000011,9.199752850750592,11.883078577816391,604.751220703125,11,240.6882
537.6410000000011,8.510995788176352,10.353625707631846,576.7227172851562,11,239.2459
537.6410000000011,9.706973221155813,10.387707719467816,606.9208374023438,11,228.9137
537.6410000000011,9.250890962860993,9.5633359706652,589.4414672851562,11,247.8409
537.6410000000011,10.47549233091182,11.461649758003807,598.2720947265625,11,226.8756
537.6410000000011,11.398975457835208,12.144141121437821,598.5805053710938,11,271.1021
537.6410000000011,10.524828829222717,11.251479717365635,598.1431274414062,11,233.7933
537.6410000000011,11.721974053447571,12.674603927348798,600.7720947265625,11,259.8049
537.6410000000011,10.780115965475407,11.445863255694903,598.0737915039062,11,243.3474
537.6410000000011,10.498081958045908,11.546973664594303,607.9502563476562,11,257.0913
537.6410000000011,11.214531093806892,12.707999915869157,596.6510620117188,11,264.4454
537.6410000000011,8.874992455495804,11.960632370962044,612.698486328125,11,251.2585
537.6410000000011,8.508125243956739,10.91004294480656,606.8499145507812,11,250.0191
537.6410000000011,10.151483383876387,10.851417649232689,599.7581176757812,11,244.6319
537.6410000000011,10.434997848864128,11.217782681559132,603.470458984375,11,244.7974
537.6410000000011,11.740234560966183,12.707636631130939,600.5776977539062,11,240.0699
537.6410000000011,11.591376849506023,12.112578356144216,608.8113403320312,11,251.5118
537.6410000000011,8.828669291742457,11.982001500485708,605.0872802734375,11,243.4187
537.6410000000011,9.817919079648405,10.070090910035573,610.7267456054688,11,244.6687
537.6410000000011,9.073932671068519,11.636966158478824,602.4668579101562,11,253.0421
537.6410000000011,10.761226431920383,11.504934143311237,596.1030883789062,11,240.4293
537.6410000000011,8.82357110571875,10.358542563355085,600.9489135742188,11,244.6972
537.6410000000011,11.621193649563171,12.341869756998287,604.919189453125,11,243.8791
537.6410000000011,12.146490005928179,13.087355230070507,600.5604858398438,11,234.3969
537.6410000000011,8.462569849634463,11.604334561574545,603.271484375,11,229.2766
537.6410000000011,11.361857660347962,12.344803008400325,604.44677734375,11,232.3983
537.6410000000011,10.54040091923771,11.32180138948642,600.013671875,11,231.6817
537.6410000000011,11.24095066280864,12.170944866109274,591.9598388671875,11,252.9791
537.6410000000011,9.994138817006352,10.953905066066664,600.4646606445312,11,244.1923
537.6410000000011,8.90606322248403,9.713680534852504,593.6190795898438,11,247.5073
537.6410000000011,10.558429635313386,11.54144069917284,590.9298706054688,11,265.4047
537.6410000000011,11.1264918530657,11.742337256084936,613.3942260742188,11,270.0561
537.6410000000011,11.765265150658072,12.592798342758412,599.8074951171875,11,249.4199
817.7510000000003,16.355938420530197,17.069644057186014,840.4295654296875,29,282.709
817.7510000000003,18.342943522831273,19.57237927013659,849.7056884765625,29,289.5747
817.7510000000003,16.916870277574695,17.865091946395868,846.3018798828125,29,307.2499
817.7510000000003,24.23416837472717,25.05317189383001,846.976318359375,29,311.0281
817.7510000000003,19.64998625326031,19.64998625326031,837.15673828125,29,263.7375
817.7510000000003,17.735451626591903,17.82696541490925,851.1568603515625,29,269.0034
817.7510000000003,19.950218992724306,20.381946590948704,842.2969360351562,29,280.9499
817.7510000000003,15.985393492743455,16.689287831689143,841.5468139648438,29,285.3869
817.7510000000003,17.521452962194314,18.0765476153967,844.0425415039062,29,292.4778
817.7510000000003,25.323858864414518,26.1363319186928,854.5432739257812,29,326.5602
817.7510000000003,15.331467155401882,15.679004441125599,836.9898681640625,29,282.8868
817.7510000000003,15.55990289299386,16.815575475040333,827.0183715820312,29,284.1984
817.7510000000003,18.48591672066188,19.420283460094115,785.2398071289062,29,274.2029
817.7510000000003,20.34640127215836,20.71980308807721,840.472900390625,29,282.5317
416.54299999999995,8.108302469016582,8.68785706491601,516.8530883789062,10,212.8744
416.54299999999995,8.763337869276844,9.731095778679768,520.0259399414062,10,212.2701
416.54299999999995,8.593050660853654,8.789550461731253,524.3421630859375,10,211.4017
416.54299999999995,7.922257863442595,8.423586321202443,520.4817504882812,10,224.799
416.54299999999995,8.492986051024285,9.006019744978982,521.8881225585938,10,203.9195
416.54299999999995,10.289476127738812,11.114102921312139,515.77197265625,10,208.1464
416.54299999999995,10.262459905734556,11.104987279577495,519.776123046875,10,214.8596
416.54299999999995,6.879095468215303,7.8752606443772,519.2001342773438,10,213.0045
416.54299999999995,7.107685304015837,7.8806943591763154,512.2387084960938,10,213.0127
416.54299999999995,6.885481384702005,7.5475176708024545,511.2030029296875,10,212.2475
416.54299999999995,7.676861741882274,8.574234791049857,520.7761840820312,10,214.649
416.54299999999995,7.478556002308144,7.546066650005748,515.8085327148438,10,208.3596
416.54299999999995,10.078484821425937,11.008352263260909,522.0419921875,10,244.7704
416.54299999999995,7.505058406545601,8.458691768549071,518.8163452148438,10,223.2958
416.54299999999995,8.923161670899194,9.899270433147821,524.69921875,10,211.0132
416.54299999999995,8.353126392142512,9.044383803877121,522.4559936523438,10,230.4965
416.54299999999995,8.456711289774955,8.594196976288703,520.0103149414062,10,246.6467
416.54299999999995,8.569629587630496,8.754399941913483,511.5247497558594,10,214.9712
416.54299999999995,7.56406226546969,8.489911654587997,518.4585571289062,10,210.1023
416.54299999999995,8.49976818050679,9.514482853950987,515.1990356445312,10,210.0115
120.12799999999994,3.4552760368303512,4.310079391514178,158.78872680664062,4,120.6187
120.12799999999994,2.87684003369473,3.8273282389369974,159.1713409423828,4,114.9562
120.12799999999994,3.661168925391707,3.661168925391707,156.28201293945312,4,121.601
120.12799999999994,3.148914432674041,3.9077865979047592,155.54498291015625,4,119.9754
120.12799999999994,3.194110650095121,4.1318203036543,156.1646270751953,4,119.3814
120.12799999999994,2.7446598500812023,3.5637702770030444,155.59500122070312,4,117.8635
120.12799999999994,3.116712504171219,3.7777423130910357,153.69541931152344,4,119.879
120.12799999999994,2.97969746033265,3.916256992104254,155.97756958007812,4,116.1081
120.12799999999994,2.574282083886992,3.3235706686469775,152.19985961914062,4,115.3766
120.12799999999994,2.9281169313622573,3.6072940820220762,150.38954162597656,4,118.8462
120.12799999999994,2.7788547184610493,3.387100056558406,148.30311584472656,4,116.0731
120.12799999999994,2.845388553299944,3.8319211798722073,154.36273193359375,4,116.9139
120.12799999999994,3.0909176325415455,3.468600577194489,151.68121337890625,4,120.107
120.12799999999994,3.1734372530693253,3.437178102509085,151.9315948486328,4,121.5152
120.12799999999994,2.507882273569943,3.240561395831794,149.66404724121094,4,114.2042
120.12799999999994,2.882121376042968,3.38935631654335,148.5847930908203,4,115.4445
634.7990000000002,8.703079061788694,9.397893434297094,753.4706420898438,14,310.1648
634.7990000000002,8.302741671108715,10.966821693319531,754.0982666015625,14,294.9877
634.7990000000002,8.678040609369493,9.473376941710217,762.2643432617188,14,281.282
634.7990000000002,10.82386255771195,11.502715297729829,755.9955444335938,14,279.8524
634.7990000000002,11.515298015406985,12.362584095389176,743.9381103515625,14,268.3488
634.7990000000002,9.30702695156414,10.11049611255609,748.983642578125,14,292.3834
634.7990000000002,8.961755877123528,9.712458221838048,750.7393798828125,14,298.6753
634.7990000000002,10.962448340679456,11.787962503470235,750.65087890625,14,304.3861
634.7990000000002,11.28242550836006,12.140712661526942,750.6591186523438,14,293.8963
634.7990000000002,8.530936120389374,9.826714719790337,750.8671264648438,14,288.2083
634.7990000000002,8.848127700708023,9.809067230385345,732.3094482421875,14,283.2428
634.7990000000002,8.586204661027622,9.357733536744535,749.5117797851562,14,270.4981
634.7990000000002,10.864502650335782,11.83675046122435,734.900390625,14,289.4888
634.7990000000002,8.824357692022748,10.135075361729102,740.6163330078125,14,312.0201
634.7990000000002,9.510680857353444,10.160102723336758,752.2037353515625,14,273.8614
634.7990000000002,10.766893928851875,11.73753747838694,748.3621826171875,14,297.1109
1413.665000000002,12.905086445193922,14.276979423410157,1541.1339111328125,38,481.863
1003.1860000000006,16.838902665797225,17.236109028988217,1156.63037109375,26,406.1417
1003.1860000000006,16.53864937422835,17.164724310750525,1128.7822265625,26,419.2599
1003.1860000000006,15.146629921030701,15.847697272940106,1139.1212158203125,26,411.1429
1003.1860000000006,16.354725152150802,16.354725152150802,1151.1346435546875,26,375.9909
1003.1860000000006,15.944211202338442,15.944211202338442,1146.5335693359375,26,390.6225
1003.1860000000006,15.519276934580645,16.776730653466508,1149.3408203125,26,339.0011
1003.1860000000006,15.796755991742373,16.502462635685532,1140.375732421875,26,403.1139
1003.1860000000006,17.517760446894865,18.099235795031706,1156.526123046875,26,417.6041
1003.1860000000006,16.904940207964255,17.505313118029385,1137.0511474609375,26,412.052
1003.1860000000006,16.390820863862483,16.390820863862483,1155.98974609375,26,426.0342
1003.1860000000006,17.615574749033883,17.615574749033883,1170.190185546875,26,400.6512
1003.1860000000006,15.166649011080208,15.944320252179677,1131.4473876953125,26,430.6161
1003.1860000000006,16.41192937008948,16.91788383331384,1139.49072265625,26,406.679
1003.1860000000006,17.594364966718082,17.706101849476557,1156.840087890625,26,413.8143
1003.1860000000006,16.330892273928505,17.818222568665995,1146.366943359375,26,424.5512
1003.1860000000006,17.186637708285744,17.186637708285744,1159.53466796875,26,432.7032
604.7290000000003,10.28336567486218,11.382082947750835,690.0015869140625,14,311.099
604.7290000000003,10.710178722697364,10.710178722697364,685.7267456054688,14,256.1686
604.7290000000003,10.707332692860668,11.337598389528296,685.3442993164062,14,261.9685
604.7290000000003,9.238357409107588,11.256145827849089,681.267333984375,14,256.5128
604.7290000000003,10.509129134921725,11.577512257486767,708.5808715820312,14,269.4741
604.7290000000003,12.001217896646533,12.69996408167749,699.6558837890625,14,287.4022
604.7290000000003,10.778350081492702,11.698236981039193,681.935546875,14,264.929
604.7290000000003,12.072761394099944,12.751411244597525,687.7383422851562,14,279.4139
604.7290000000003,10.024194754320698,10.327942330042957,694.628173828125,14,244.3134
604.7290000000003,12.488249291636915,13.217851671214788,695.467041015625,14,277.7742
604.7290000000003,9.981377791716415,10.801592297591169,689.0596313476562,14,294.9154
604.7290000000003,11.954156185851907,12.723907924454963,678.951416015625,14,287.0817
604.7290000000003,13.843844870468196,14.708766686074647,693.7601318359375,14,263.5927
604.7290000000003,10.99105743431546,11.731129513870481,698.7028198242188,14,295.6996
604.7290000000003,13.377150180833196,14.269158205550625,702.7974243164062,14,291.4815
604.7290000000003,9.911818245386511,11.232986221966243,694.6578979492188,14,274.057
604.7290000000003,10.519529344623871,11.10533581344771,688.809814453125,14,294.9369
604.7290000000003,12.777146810438683,13.732535966960203,693.6426391601562,14,277.0802
604.7290000000003,10.730795085106374,10.730795085106374,698.6068115234375,14,283.5943
604.7290000000003,12.775391949058466,13.716664009039555,693.3190307617188,14,280.9951
604.7290000000003,10.863063057396605,11.552538516017044,687.8909912109375,14,250.7118
550.5970000000001,8.966989917817036,9.448354146282444,607.6345825195312,16,257.2177
550.5970000000001,10.26108267916363,11.093842460504026,601.064697265625,16,268.472
550.5970000000001,6.849201918151827,8.690212085567087,599.2975463867188,16,239.5693
550.5970000000001,8.01779400503108,8.817735301649742,593.6453857421875,16,243.5205
550.5970000000001,8.427120597472872,9.179524365033064,597.5484619140625,16,266.5574
550.5970000000001,7.938960119689106,8.844372272780731,592.0227661132812,16,238.0678
550.5970000000001,8.929986651400489,9.794182754003646,608.9934692382812,16,267.3063
550.5970000000001,9.34337633163111,10.278378157620754,605.1492309570312,16,268.5442
550.5970000000001,11.419592063904938,12.068431450566592,595.6336669921875,16,254.2532
550.5970000000001,8.338574804440862,9.02755189531067,580.7469482421875,16,241.0122
550.5970000000001,9.491128346031507,10.303814708171148,583.613525390625,16,257.9167
550.5970000000001,9.793320301867212,10.628526250024278,600.2562866210938,16,257.2254
550.5970000000001,7.759083560735374,8.874454704288574,599.75439453125,16,248.7647
550.5970000000001,9.139858467299502,9.815735487993537,607.6923217773438,16,267.5798
550.5970000000001,10.97932934411764,11.833445668206293,611.6173095703125,16,269.0461
550.5970000000001,8.662771279112798,9.356036695205784,606.1463012695312,16,259.1069
550.5970000000001,8.896877508649949,9.877800085601736,605.0810546875,16,279.5598
550.5970000000001,8.21375297389671,8.970681200050993,600.5242919921875,16,241.763
550.5970000000001,8.49443953180319,9.169708321019623,597.0357055664062,16,264.6499
550.5970000000001,10.260712223604859,11.167745902505029,610.9332275390625,16,263.3186
550.5970000000001,11.041692117310673,11.796119949363655,620.0255737304688,16,279.0007
550.5970000000001,9.058820047318633,9.8255733810967,607.6382446289062,16,246.7275
550.5970000000001,9.37060712615578,10.193830239908618,597.7611083984375,16,271.3743
550.5970000000001,7.970730407055779,8.407685156189876,600.337158203125,16,250.8648
550.5970000000001,8.398688961532214,9.18957622827268,610.19482421875,16,263.3117
550.5970000000001,10.081420796809784,10.628629450647985,604.7356567382812,16,249.5795
550.5970000000001,9.676999991082727,10.530936701677664,615.1696166992188,16,259.1865
550.5970000000001,9.460712208941864,10.377775162816699,618.132568359375,16,246.8371
550.5970000000001,8.433512487249352,9.2735116461841,605.4322509765625,16,249.1739
550.5970000000001,7.80226645860425,7.878267924087307,598.2294311523438,16,250.7622
550.5970000000001,10.343364014202711,11.139086134903094,599.7218017578125,16,257.0138
550.5970000000001,8.04582857723779,9.0106785110081,597.579833984375,16,242.753
550.5970000000001,8.87991641417724,9.597043846461302,600.1868286132812,16,256.2623
550.5970000000001,9.068526849071796,9.593227327902827,594.8949584960938,16,261.7766
550.5970000000001,9.574528840759749,10.397105865569797,605.5498657226562,16,281.7352
550.5970000000001,8.58798685580504,9.289912711794917,599.9581298828125,16,283.9927
550.5970000000001,9.292162470937237,10.156004674092987,599.6406860351562,16,271.7529
550.5970000000001,10.134197611403671,10.937385101204523,587.8997802734375,16,249.1191
550.5970000000001,8.33453898446729,8.581934150549147,605.9714965820312,16,255.3379
550.5970000000001,8.682473448380307,9.350552840483983,599.1983032226562,16,260.8065
550.5970000000001,10.943250325481266,11.50665410377001,591.663818359375,16,270.7246
550.5970000000001,8.955127695183231,9.728504831449234,605.6863403320312,16,284.2648
550.5970000000001,8.279730170691158,8.856368380367863,594.2460327148438,16,242.8004
550.5970000000001,11.222800611681674,12.169757220248432,598.7438354492188,16,258.9133
550.5970000000001,8.841174913641671,9.677878371138048,603.4549560546875,16,269.3353
550.5970000000001,8.811017291465765,9.765220584223844,617.3073120117188,16,268.6423
550.5970000000001,9.324417746094424,9.974111470791158,613.6823120117188,16,260.1934
550.5970000000001,9.23413985284739,10.122104072428172,604.8214111328125,16,257.0782
690.7760000000004,14.424980941180829,15.185694825118533,782.986328125,20,322.0174
690.7760000000004,12.85437128744936,13.135911214245645,778.6895751953125,20,264.9143
690.7760000000004,12.817167353049811,13.87495382494153,790.6295166015625,20,272.6733
690.7760000000004,14.677518271601745,15.332651970173787,782.7337646484375,20,296.6776
690.7760000000004,10.814076691122464,11.666263697670345,759.6550903320312,20,276.7405
690.7760000000004,15.01625440649529,15.76418669668311,791.8707275390625,20,253.9525
690.7760000000004,12.419117678672185,12.436954575950699,782.8483276367188,20,308.5772
690.7760000000004,14.77998140292206,15.461508464828816,781.9003295898438,20,307.9286
690.7760000000004,12.495723928636783,13.161156446659659,781.4051513671875,20,306.1279
690.7760000000004,11.20856150234643,11.836694136379972,762.2892456054688,20,265.4126
690.7760000000004,13.311893796971857,14.003903299675603,770.0912475585938,20,286.748
690.7760000000004,12.509343533097358,12.583574527744515,768.2938842773438,20,282.0011
690.7760000000004,13.599916121565203,14.4525765367768,788.7901000976562,20,266.8445
690.7760000000004,12.38438388619368,13.109794561802786,774.0575561523438,20,306.4099
690.7760000000004,14.491896752212599,15.444372375256423,775.2576293945312,20,312.4854
690.7760000000004,13.627084757779546,14.629831516243657,770.9422607421875,20,326.0585
690.7760000000004,12.545747052203344,13.44049862895051,784.3865966796875,20,270.9119
690.7760000000004,14.934709856692473,15.678317883246784,767.40380859375,20,306.6902
589.5430000000002,19.29186168046644,19.29186168046644,629.0696411132812,21,235.4477
589.5430000000002,15.553930995986084,15.553930995986084,629.8574829101562,21,257.6421
589.5430000000002,15.572336530304002,15.692631769919727,610.303955078125,21,223.4691
589.5430000000002,19.87918686367773,20.49403705886977,626.5162963867188,21,320.441
589.5430000000002,18.17680066490281,18.870290889830596,614.9505004882812,21,265.4186
589.5430000000002,15.270867464611541,16.322099641955703,613.7963256835938,21,234.9467
589.5430000000002,15.234238907577097,15.234238907577097,616.0050048828125,21,239.1775
589.5430000000002,13.99472497378619,14.751780079163982,607.9378662109375,21,225.2525
589.5430000000002,16.4829482163118,17.137754610507905,604.8493041992188,21,219.4434
589.5430000000002,19.065252880094015,19.533873548156485,627.4566650390625,21,230.2331
589.5430000000002,15.944937137200716,15.944937137200716,603.0032348632812,21,224.9364
589.5430000000002,12.014152563432761,12.146585708709093,617.2092895507812,21,231.2239
589.5430000000002,14.505912226217458,15.33522299241628,621.1345825195312,21,229.0534
589.5430000000002,14.415314136111881,14.415314136111881,620.0081176757812,21,219.8199
589.5430000000002,15.881878456046824,16.4779736608368,613.9634399414062,21,294.4504
589.5430000000002,15.070499874896722,15.21954458489874,611.8487548828125,21,236.3201
589.5430000000002,20.150192750371367,20.621442435728184,630.7321166992188,21,229.5782
589.5430000000002,17.88129994217338,18.617745008290655,617.045654296875,21,235.2027
589.5430000000002,15.158495129459924,15.891138598306302,628.6322021484375,21,224.4284
589.5430000000002,14.61628517627802,15.458954970195785,624.5820922851562,21,237.2106
589.5430000000002,13.910727150485123,14.731729457424615,597.3594360351562,21,250.1996
589.5430000000002,17.33091128552086,17.33091128552086,621.6310424804688,21,223.1048
361.3350000000001,8.719479615508627,9.648385943250062,392.0174560546875,13,176.3419
361.3350000000001,6.539327172934324,7.382322205854501,393.3411560058594,13,179.0933
361.3350000000001,8.919230327378932,8.919230327378932,394.6393127441406,13,197.7337
361.3350000000001,6.021923165109329,6.278542164684887,386.4013977050781,13,176.3756
361.3350000000001,10.308598701034443,11.091323311260057,395.357666015625,13,226.0204
361.3350000000001,6.484362435012102,7.059770248503648,383.02947998046875,13,197.4377
361.3350000000001,6.454378873268018,7.120011840613949,397.12457275390625,13,176.9569
361.3350000000001,6.786771045723784,7.763583612730877,383.0342712402344,13,176.7775
361.3350000000001,7.74965946857299,8.54902750498713,390.28778076171875,13,177.9569
361.3350000000001,9.642620568539993,10.414664806286499,395.1864929199219,13,174.535
361.3350000000001,7.726575773332408,8.637884737708694,397.1263732910156,13,182.558
361.3350000000001,9.443955108148558,10.290223170005268,389.56048583984375,13,224.3499
361.3350000000001,8.142686282333553,9.103430355831188,396.03472900390625,13,171.4073
361.3350000000001,9.180424339919984,9.90267153290345,392.5769348144531,13,173.6756
361.3350000000001,9.376741998737609,9.376741998737609,389.29913330078125,13,208.9272
361.3350000000001,8.897473204025935,9.559196537440487,391.7137145996094,13,205.3933
361.3350000000001,11.232400810476452,11.959553282652365,401.40789794921875,13,226.9795
361.3350000000001,10.3818567346473,11.205770982164896,391.15814208984375,13,218.3463
361.3350000000001,10.015514549132021,10.706619195751077,392.4173278808594,13,195.2222
361.3350000000001,10.801682994537604,11.630329592401033,398.40435791015625,13,228.9335
361.3350000000001,6.3811419288922515,6.499881812298566,391.8484802246094,13,185.6506
475.43900000000014,15.405819100426905,16.1343983431691,511.93505859375,17,276.511
475.43900000000014,13.799036611878064,13.799036611878064,511.55706787109375,17,250.8901
475.43900000000014,14.60271784290589,14.60271784290589,507.8614807128906,17,253.8912
475.43900000000014,19.17995387714038,19.87583693217583,512.1676025390625,17,273.1218
475.43900000000014,15.494141874351799,16.093683104072625,501.1179504394531,17,227.616
475.43900000000014,15.272846412804226,15.272846412804226,499.9945983886719,17,208.6803
475.43900000000014,16.0836290216935,16.76622023952694,501.3407287597656,17,237.5488
475.43900000000014,13.40307629824286,13.40307629824286,504.9971008300781,17,223.5874
475.43900000000014,14.973678264587775,14.973678264587775,508.188232421875,17,210.409
475.43900000000014,15.291551226216654,15.449025039944747,506.3888854980469,17,209.09
475.43900000000014,18.607687930518953,19.217059027984774,515.6101684570312,17,264.022
475.43900000000014,11.948543651655427,11.96027372641928,502.78509521484375,17,197.4856
475.43900000000014,13.715044900614231,13.995099385145846,512.0820922851562,17,261.4381
475.43900000000014,15.27982551768165,16.10661433536418,511.82952880859375,17,270.6585
475.43900000000014,12.378475701601301,13.051159291248746,503.2538146972656,17,235.1017
475.43900000000014,12.934823676094107,13.840540143974994,515.5425415039062,17,206.8131
475.43900000000014,17.52254090337409,18.156640230689035,516.2946166992188,17,243.2756
475.43900000000014,12.154459016013716,12.154459016013716,505.0231018066406,17,214.0974
475.43900000000014,13.578655622384547,13.578655622384547,499.6551513671875,17,211.3628
475.43900000000014,13.406681926335445,14.001454914796685,507.1377258300781,17,238.2124
475.43900000000014,14.878842114578594,15.699855745453315,509.1419372558594,17,252.0356
475.43900000000014,15.07086762752248,15.93444925676945,508.050537109375,17,197.5429
475.43900000000014,12.89694900261473,13.55848837460476,513.2835693359375,17,220.7139
475.43900000000014,12.03327007131522,12.03327007131522,504.55523681640625,17,204.8755
475.43900000000014,13.417804743530711,13.417804743530711,508.544921875,17,199.2071
475.43900000000014,13.778304146466342,14.581003675596984,510.2917785644531,17,265.7114
475.43900000000014,13.576530196339382,14.39256006037027,494.0379943847656,17,217.8958
475.43900000000014,15.115235179321807,15.115235179321807,512.8602294921875,17,224.4802
475.43900000000014,13.640190798091476,13.956041990805883,510.90966796875,17,231.2221
1015.2410000000009,16.799602049467953,17.72384769133725,1166.9127197265625,25,427.0295
1015.2410000000009,11.899275965744287,12.51954293506517,1114.4871826171875,25,339.5811
1015.2410000000009,14.92683861968141,15.560388090002778,1187.485107421875,25,426.007
1015.2410000000009,12.499292568322309,13.73961158790383,1151.533447265625,25,368.1256
1015.2410000000009,13.804066158167807,15.552764038024003,1162.8568115234375,25,413.9582
1015.2410000000009,14.51662122185363,15.339095682590186,1179.1405029296875,25,420.4615
1015.2410000000009,16.014941392876306,16.776811160263847,1187.201171875,25,462.2276
1015.2410000000009,14.556037059819278,15.70001393334634,1172.6494140625,25,426.4756
1015.2410000000009,14.875505657716651,15.75353110282492,1154.1441650390625,25,405.7838
1015.2410000000009,13.938248321609734,14.618344032158209,1153.1541748046875,25,403.2512
1015.2410000000009,16.210020931893922,16.801718981689714,1170.080322265625,25,437.6118
807.9270000000005,14.794005418661685,15.375913793784804,892.521484375,21,382.5305
807.9270000000005,12.277267113272174,12.939666933006944,907.0955810546875,21,351.5666
807.9270000000005,12.808376108468302,13.711634321850497,919.9689331054688,21,400.3006
807.9270000000005,16.572291839528454,17.371609927575356,898.6192016601562,21,306.8532
807.9270000000005,14.69551898002358,15.428122405534756,909.5056762695312,21,337.3055
807.9270000000005,13.259160241412449,13.74996746699467,915.3682861328125,21,383.3322
807.9270000000005,12.749509006404278,13.562934474153021,892.8663940429688,21,322.1437
807.9270000000005,13.724306362219435,14.473875290963909,904.3209228515625,21,368.9826
807.9270000000005,11.525202690818448,13.132801550661885,909.6443481445312,21,321.9402
807.9270000000005,13.156402294898601,13.653537969414863,913.3511352539062,21,336.8863
807.9270000000005,13.861484257796016,14.457654204768616,922.9378662109375,21,392.6123
807.9270000000005,10.950146290539351,12.15099039577882,899.9143676757812,21,294.4139
807.9270000000005,14.149221928046982,14.843203638748577,917.5838012695312,21,392.6068
807.9270000000005,13.542044133187398,13.698816529099403,921.0462646484375,21,394.2585
807.9270000000005,12.58966231468053,13.009310621614665,900.927490234375,21,307.3691
807.9270000000005,12.090993014017643,13.537925213033214,920.1826171875,21,320.1451
807.9270000000005,13.410899014490717,14.274034561957562,908.9171142578125,21,332.7305
807.9270000000005,13.439898072350056,14.086390600606528,922.2205200195312,21,347.858
807.9270000000005,13.447153058250688,13.905198816991717,900.1263427734375,21,329.1926
807.9270000000005,13.609205645499374,13.609205645499374,915.314453125,21,291.7874
807.9270000000005,13.894281716104082,14.656272127649691,921.0892333984375,21,310.1159
807.9270000000005,14.243083872606523,15.209215512054632,908.7293090820312,21,359.6411
807.9270000000005,13.459630773769634,14.418001440470142,909.7783813476562,21,342.8622
807.9270000000005,14.03915913272989,14.948826679460444,906.9592895507812,21,324.5508
807.9270000000005,12.537354865362536,12.914292460060791,908.4659423828125,21,327.2742
807.9270000000005,13.088898574713673,13.9797638720811,911.8902587890625,21,321.0098
807.9270000000005,13.517097549179525,14.147625190910839,911.8184204101562,21,381.7454
807.9270000000005,16.8154165724596,17.50645446969763,900.3350219726562,21,362.8205
807.9270000000005,12.703215132612183,13.846791568458437,913.2127075195312,21,281.4098
807.9270000000005,12.494200373971482,12.550346547871614,891.0177612304688,21,356.8183
807.9270000000005,14.58052283466809,15.155629550416373,916.88134765625,21,339.6332
807.9270000000005,14.11669415197738,14.298666576652407,919.0529174804688,21,349.5804
807.9270000000005,12.055085690406532,13.389087301299767,896.7288208007812,21,285.2538
807.9270000000005,8.824324696854827,9.635737493029204,860.3395385742188,21,288.9318
807.9270000000005,10.144799211284898,10.901454932883164,867.4979248046875,21,296.7152
807.9270000000005,10.280989569481445,11.946890344488903,876.796142578125,21,339.6409
807.9270000000005,9.708471905039547,12.429444558871689,884.42138671875,21,330.9837
807.9270000000005,11.792373732195461,13.125069036053077,887.4713745117188,21,338.1943
807.9270000000005,11.206465191126796,11.275619169431737,870.32958984375,21,323.7732
807.9270000000005,11.663415469421365,12.40630304682496,877.2177734375,21,322.1149
807.9270000000005,11.151543288594286,12.630877497926935,886.3174438476562,21,333.0393
807.9270000000005,10.51339254509911,11.248898495932428,898.073974609375,21,320.0501
807.9270000000005,10.425527275947896,11.580257711682703,888.0830078125,21,310.9855
807.9270000000005,14.016401933058201,14.96967309017365,917.5457763671875,21,368.195
807.9270000000005,11.595090456186265,12.076423054041642,883.3822021484375,21,331.0303
807.9270000000005,9.703572508528763,10.659839410225706,881.2144165039062,21,302.5052
807.9270000000005,9.320011184742535,9.874448533054254,890.022705078125,21,294.6429
807.9270000000005,10.058386028394388,11.275694204604982,882.3505859375,21,325.0916
807.9270000000005,11.851627508890118,12.758405595332798,882.871337890625,21,332.3966
807.9270000000005,11.344754477596886,11.344754477596886,888.271240234375,21,328.03
807.9270000000005,11.554917612886355,12.084227839935595,889.2799072265625,21,328.7131
807.9270000000005,14.739066516816461,15.460104016670133,886.6054077148438,21,363.0326
807.9270000000005,11.889266883694058,12.681113820472099,890.6926879882812,21,338.833
822.9420000000005,16.051758177416815,16.94112914362092,930.7545166015625,22,372.9938
822.9420000000005,15.110846979565244,16.038977052936307,904.7554931640625,22,335.4284
822.9420000000005,14.168110513361198,14.669208683341298,923.5944213867188,22,343.8493
822.9420000000005,13.682740619539445,13.682740619539445,921.8816528320312,22,277.7906
822.9420000000005,12.841474855393407,12.889598421898077,927.7345581054688,22,380.7934
822.9420000000005,13.744015754789299,14.531707702880828,919.8621215820312,22,372.8732
822.9420000000005,12.927868278506573,13.580324586664558,917.0361328125,22,351.4023
822.9420000000005,13.550868322307627,13.79703018526121,940.4053344726562,22,397.394
822.9420000000005,12.939422403234303,12.939422403234303,933.1051635742188,22,356.8869
822.9420000000005,14.130311829100178,14.991764525435977,920.9258422851562,22,320.7239
822.9420000000005,15.012644417122582,15.852034462057519,936.7198486328125,22,333.0385
822.9420000000005,16.068904750338124,16.6256549429588,930.4508056640625,22,350.7686
822.9420000000005,13.680916593102168,14.103569100421508,922.3910522460938,22,338.6305
822.9420000000005,16.23958334955224,17.038959114665474,923.3539428710938,22,347.7808
822.9420000000005,13.941373712570016,14.682883680906361,930.7902221679688,22,371.4954
822.9420000000005,14.304052599215465,14.957780339842744,921.7807006835938,22,341.3234
822.9420000000005,13.188502525845866,13.738399310519133,934.0718994140625,22,279.5564
822.9420000000005,14.849963928971922,15.442336906465837,925.6989135742188,22,355.0023
822.9420000000005,16.26166628179367,16.926854057726047,933.9378662109375,22,300.2222
822.9420000000005,14.655402899046566,15.262225148307735,927.4266967773438,22,356.8025
822.9420000000005,11.863218957278976,12.376980993878117,935.1948852539062,22,349.1277
822.9420000000005,13.89122430385259,13.89122430385259,914.5040893554688,22,366.1251
822.9420000000005,13.197344938029223,13.197344938029223,920.282958984375,22,317.3645
545.6619999999999,10.122780279345992,11.408653214805351,635.1224975585938,15,256.0627
545.6619999999999,9.762222641278017,11.518733063288499,641.3823852539062,15,249.7582
545.6619999999999,10.31565254280332,11.511260556884508,642.4513549804688,15,272.3001
545.6619999999999,10.354869531190317,11.742899493511228,636.7818603515625,15,275.6732
545.6619999999999,10.284056601182362,11.159311320774156,636.2285766601562,15,251.5875
545.6619999999999,10.164889757545724,11.119996996002405,634.3901977539062,15,267.0195
545.6619999999999,10.621290402328622,11.514700487254432,647.0790405273438,15,283.2282
545.6619999999999,11.286645784839925,11.949485153319392,622.2307739257812,15,258.6194
545.6619999999999,7.904952647174255,8.621957370981773,633.9508666992188,15,228.2964
545.6619999999999,12.31200506821907,13.022538204445361,639.4827270507812,15,286.5601
545.6619999999999,9.732538068746932,11.263813502361343,642.3812255859375,15,261.4942
545.6619999999999,11.5352491391237,12.135011524690391,638.6151733398438,15,284.3832
545.6619999999999,10.551182935408045,11.631316135234627,645.7153930664062,15,271.2635
545.6619999999999,8.523570937655379,9.200601441012639,647.718505859375,15,279.0257
545.6619999999999,10.651074713824116,11.551689974240357,644.7453002929688,15,279.5238
545.6619999999999,10.812616683247569,11.583525722538003,643.1814575195312,15,257.3075
545.6619999999999,10.137617849205983,11.216522230216297,647.8640747070312,15,261.8555
545.6619999999999,8.918303231262174,10.27023833548992,639.9819946289062,15,273.4761
545.6619999999999,9.341021909020721,10.075436041174775,644.177734375,15,269.4734
545.6619999999999,9.897449071255178,10.671100550363484,636.3463134765625,15,263.566
1054.2370000000003,13.933003549399224,14.981453581850651,1181.135986328125,25,341.7044
1054.2370000000003,14.153428888760969,14.606165172931645,1167.7498779296875,25,411.5057
1054.2370000000003,14.580673776158394,15.05565092738373,1183.3880615234375,25,426.6724
1054.2370000000003,14.328389624975362,15.141555259757466,1195.1156005859375,25,410.336
1054.2370000000003,14.118594024977948,14.436588911877315,1196.95263671875,25,388.6772
1054.2370000000003,14.37530623208255,15.01960354815955,1190.43701171875,25,383.2049
1054.2370000000003,14.251438586396613,15.25158873706895,1178.6058349609375,25,377.6377
1054.2370000000003,14.92199388873803,15.60341675227528,1206.2708740234375,25,454.396
1054.2370000000003,15.32343147201845,16.281086575704077,1185.7757568359375,25,386.8119
1054.2370000000003,14.54047463430388,14.855972329596632,1184.94384765625,25,424.1917
1054.2370000000003,14.425001667855545,15.332241212472853,1188.219970703125,25,379.8601
1054.2370000000003,13.994057576003812,14.761913946533117,1160.078369140625,25,422.1282
1054.2370000000003,14.913022500656878,15.622584357444673,1195.8604736328125,25,425.3325
1054.2370000000003,13.947530878698462,15.111351665790593,1172.5947265625,25,332.6057
1054.2370000000003,13.927174718332507,14.595472832996531,1170.4876708984375,25,395.4836
1054.2370000000003,14.088451016115764,14.088451016115764,1171.7664794921875,25,425.3798
1054.2370000000003,14.42491804327303,15.127300181668351,1160.2095947265625,25,398.5129
1054.2370000000003,13.675114814906863,14.293758963722746,1178.809814453125,25,418.0778
1054.2370000000003,15.235455455472271,16.104939268337827,1164.8514404296875,25,403.1203
1054.2370000000003,14.935031812468047,16.196982302700686,1198.3680419921875,25,442.5243
1054.2370000000003,13.83016629281915,14.562680665538089,1185.266845703125,25,417.528
1054.2370000000003,13.671064240802801,15.56852394472943,1184.5826416015625,25,398.4443
1054.2370000000003,14.766325328467476,15.796973395744704,1190.3165283203125,25,395.9004
1054.2370000000003,16.276864412280574,16.731203949162275,1188.258544921875,25,457.1146
1054.2370000000003,14.930664968641713,15.705529708223485,1187.6483154296875,25,398.0434
1054.2370000000003,14.508047493370405,15.307328694289618,1176.3963623046875,25,341.7486
1054.2370000000003,14.028896107979616,14.952087133543337,1192.4019775390625,25,440.9801
1054.2370000000003,13.712498331631158,13.712498331631158,1167.8140869140625,25,397.0186
1054.2370000000003,14.230054124509167,15.092962708275467,1186.98291015625,25,446.5161
1054.2370000000003,12.993374705909515,14.85276735553582,1153.966064453125,25,358.5016
1054.2370000000003,14.432298279698683,15.365259872712832,1175.721923828125,25,400.9864
1054.2370000000003,13.896955261173586,14.95803342661406,1180.6640625,25,456.5227
1054.2370000000003,13.315940106367524,14.283821945578731,1180.2518310546875,25,419.1022
1054.2370000000003,14.19220579088465,14.816091692808078,1182.56689453125,25,361.1566
1054.2370000000003,13.25816856037734,13.659572644581319,1159.888916015625,25,376.5759
1054.2370000000003,14.396450762712696,15.120726419382189,1173.3697509765625,25,356.4825
1054.2370000000003,14.462888769954128,15.38347085485605,1180.0467529296875,25,366.7724
1054.2370000000003,14.959497166847687,15.704041419040431,1196.447021484375,25,386.367
1054.2370000000003,14.21183252710759,15.325112527062844,1191.333740234375,25,360.5609
1054.2370000000003,15.723171391780348,16.490791135091534,1176.91552734375,25,342.8803
1054.2370000000003,14.719048629538674,15.572792025002899,1163.2015380859375,25,394.8281
1054.2370000000003,13.550897497832745,14.73759861295175,1169.3583984375,25,435.8
680.8240000000003,11.02221065923695,11.02221065923695,798.115478515625,16,325.2813
680.8240000000003,11.32741147215061,11.907797401081346,785.9478149414062,16,294.511
680.8240000000003,9.727227485166743,9.96998444286773,783.8319702148438,16,309.0999
680.8240000000003,11.097016308556375,12.113959960995947,804.4348754882812,16,324.3882
680.8240000000003,10.058968209085002,10.304314775133586,785.966064453125,16,273.5403
680.8240000000003,11.256329149107286,12.037230354022741,774.270751953125,16,320.6068
680.8240000000003,12.122012429441938,13.05830219699781,789.7064819335938,16,337.4952
680.8240000000003,11.40676218510357,12.68574048573908,774.3733520507812,16,286.3468
680.8240000000003,12.411251099304549,13.28730927586511,783.5460815429688,16,330.0576
680.8240000000003,11.523149470431218,12.462403936936118,805.01123046875,16,330.9899
680.8240000000003,11.438092069967148,12.276312863297672,791.1813354492188,16,300.619
680.8240000000003,12.206419310249917,12.96193291116661,798.55908203125,16,336.5819
680.8240000000003,11.907525202908285,12.738154200937688,794.956787109375,16,324.4613
680.8240000000003,11.625103882379106,12.422215914044465,780.61572265625,16,283.6137
680.8240000000003,12.309864744680123,13.118778924039047,798.5758666992188,16,311.6299
474.5859999999999,9.729598547737515,10.70973250726288,547.6666870117188,11,245.1907
474.5859999999999,8.539394973548664,9.483682577600314,546.9583740234375,11,225.1696
474.5859999999999,7.873020905072463,11.627090189426497,543.18310546875,11,220.5395
474.5859999999999,9.252352224835949,10.24295715858477,555.0564575195312,11,246.8552
474.5859999999999,10.40770775307645,11.72520444649275,541.1954345703125,11,225.546
474.5859999999999,9.824948591692612,10.769443730555084,541.4032592773438,11,221.0577
474.5859999999999,9.42377781069391,10.114469746280475,539.9278564453125,11,216.4664
474.5859999999999,8.045703612046287,8.934138991048938,542.90283203125,11,224.7004
474.5859999999999,8.752964254442372,9.475003028581026,542.9107055664062,11,235.0349
474.5859999999999,8.750574288815589,10.467769635698543,558.6953125,11,240.6563
474.5859999999999,9.465602276904498,11.244208963342004,552.9664306640625,11,225.2349
474.5859999999999,9.443530724296217,10.674043882548533,548.7213134765625,11,232.9843
474.5859999999999,9.614310015549435,10.091193379821775,534.87744140625,11,220.0301
474.5859999999999,9.38172397670079,9.91376062277614,539.6793212890625,11,229.683
474.5859999999999,8.992423350690913,9.828721803965351,539.9818725585938,11,210.413
474.5859999999999,10.550402922282808,11.214128955276411,547.7346801757812,11,217.6634
474.5859999999999,7.792987217572832,10.608838167911095,538.924072265625,11,223.6056
474.5859999999999,9.460488069721528,11.200425368768581,541.3739013671875,11,236.659
474.5859999999999,10.44613284084066,11.112701333415325,538.2739868164062,11,221.0643
474.5859999999999,8.887756142092343,10.77443059347421,547.0518798828125,11,235.3638
437.5209999999995,9.832572464891236,10.474064770281071,501.9402160644531,11,218.9897
437.5209999999995,10.099880938218739,10.547841790104105,504.9845886230469,11,222.1295
437.5209999999995,8.560747287996124,8.855999445773504,499.9388732910156,11,205.694
437.5209999999995,9.368540681938468,10.167398040192529,500.7366943359375,11,229.6743
437.5209999999995,10.219423986713352,10.644338564311601,496.66119384765625,11,209.5078
437.5209999999995,10.278036175384967,11.05058869874318,498.61956787109375,11,214.5284
437.5209999999995,8.921736417135952,9.794976005426557,501.03216552734375,11,212.1903
437.5209999999995,10.222188392283096,10.6908029868862,502.2403564453125,11,229.212
437.5209999999995,10.7527203754093,11.347434981682646,503.22601318359375,11,225.8866
437.5209999999995,10.290653793788918,11.038546422054937,501.51495361328125,11,245.5365
437.5209999999995,10.141941390131954,10.833468281866814,499.8526916503906,11,237.8481
437.5209999999995,10.367902658215508,11.17975593867186,499.3199157714844,11,226.4491
437.5209999999995,10.09012024840385,10.547994873846172,497.51171875,11,224.168
437.5209999999995,10.099880938218739,10.49088637340733,505.0943603515625,11,235.9055
437.5209999999995,10.124653009105401,10.795723256049216,499.87774658203125,11,230.7468
437.5209999999995,10.161333382513893,10.630428208612976,505.1829528808594,11,243.2961
437.5209999999995,10.222188392283096,10.586700704925432,502.49664306640625,11,230.0489
437.5209999999995,9.534303694988203,10.10559555118656,494.28411865234375,11,222.4748
437.5209999999995,9.080777229038178,9.315495142973797,506.1380615234375,11,215.3168
437.5209999999995,8.674438765425986,9.0434327252976,503.0614929199219,11,220.4506
437.5209999999995,10.525534744805094,10.972032190771108,494.7768859863281,11,235.6936
437.5209999999995,10.449721182470878,10.802446565954924,502.4639587402344,11,211.217
437.5209999999995,9.749867486725547,10.332427652197257,495.17633056640625,11,241.8655
437.5209999999995,10.371059645630854,10.81271277284936,496.16851806640625,11,214.0743
437.5209999999995,10.049990727075702,10.687379533124243,496.7317199707031,11,230.9513
437.5209999999995,10.487181828967781,10.84111443950355,507.0973205566406,11,203.3723
437.5209999999995,7.40845773095868,7.95796772372125,479.62225341796875,11,220.3593
437.5209999999995,10.037856715973028,10.813003164236408,494.6808166503906,11,207.9371
437.5209999999995,8.00717774508257,8.391570643976907,498.19915771484375,11,205.8812
437.5209999999995,10.427944672867033,10.970882607664914,494.1996154785156,11,215.2239
437.5209999999995,8.00717774508257,8.339423551423298,500.69842529296875,11,208.8015
437.5209999999995,9.131086887000228,9.936577642995257,487.2279052734375,11,213.7761
437.5209999999995,9.904088555351688,10.342998639308426,502.0904235839844,11,211.1509
437.5209999999995,9.866579083794287,10.329225278530107,504.8733825683594,11,198.8243
437.5209999999995,9.911071972543008,10.40550846630621,502.0013122558594,11,221.2513
437.5209999999995,9.911071972543008,10.531477496238022,503.580810546875,11,219.2418
437.5209999999995,9.911071972543008,10.40550846630621,502.5180358886719,11,224.4177
437.5209999999995,9.551896698819636,9.761321876666116,500.6298522949219,11,225.2529
437.5209999999995,9.920521464086804,10.176717146552049,503.13623046875,11,216.1226
437.5209999999995,10.141597927828203,11.054979414675419,503.8564147949219,11,226.2193
437.5209999999995,7.87009164430592,8.211231833202085,495.6706848144531,11,203.0943
437.5209999999995,8.844276019554435,9.56849538360393,489.97137451171875,11,203.2218
437.5209999999995,9.034727012490434,9.304013231272666,503.2775573730469,11,208.732
437.5209999999995,9.853588449102807,10.058968904293373,503.0930480957031,11,210.0652
437.5209999999995,9.90267083448681,10.234136692446137,508.994873046875,11,233.9335
437.5209999999995,9.866579083794287,10.329225278530107,501.82568359375,11,225.3029
437.5209999999995,9.735734911446476,10.316590324758234,500.69329833984375,11,205.6445
437.5209999999995,8.196789017034627,9.032035034484384,500.1607971191406,11,215.5309
437.5209999999995,8.88808682790073,9.401125926749373,489.00421142578125,11,223.7601
437.5209999999995,7.89974604763091,8.115217005937039,503.16400146484375,11,216.1551
437.5209999999995,8.8354935786367,9.440325007904098,494.77410888671875,11,221.1685
437.5209999999995,9.904088555351688,10.209826357827845,503.3441467285156,11,213.1826
120.12799999999994,3.0680682959966323,3.774816580892904,148.89535522460938,4,127.4767
120.12799999999994,2.9749527501870485,3.503962646944498,149.73501586914062,4,116.2553
120.12799999999994,2.9557498261843556,3.690885869088584,150.2703094482422,4,127.8759
120.12799999999994,3.0498377974611803,3.89035086045911,152.00119018554688,4,115.7985
120.12799999999994,3.0257567772696716,3.545314997065457,149.51226806640625,4,116.3899
120.12799999999994,2.4648373092985105,3.1274809302491056,143.8599395751953,4,113.9458
120.12799999999994,3.0511391280591775,3.891452867207636,150.91595458984375,4,115.632
120.12799999999994,3.226858212577502,3.7481347486088654,150.69442749023438,4,122.6748
120.12799999999994,2.9235711041865553,3.790875675014692,150.0942840576172,4,116.4201
120.12799999999994,2.316044638622117,3.2224659753862643,148.95713806152344,4,121.4781
120.12799999999994,2.8841313613050734,3.6337264079754887,148.9681854248047,4,115.1982
120.12799999999994,2.914288701469252,3.6027472428142744,151.5567626953125,4,116.9528
120.12799999999994,3.1623412970331906,4.008111288526652,152.38133239746094,4,117.065
